tot_cases,tot_death,submission_date,state,new_case,pnew_case,new_death,pnew_death,created_at,consent_cases,consent_deaths,prob_cases,conf_cases,conf_death,prob_death,tot_cases_old,tot_death_old
0,0,2020-01-22,DE,0,0.0,0,0.0,01/24/2020 12:00:00 AM,Agree,Agree,0.0,0.0,0.0,0.0,0,0
0,0,2020-01-23,DE,0,0.0,0,0.0,01/25/2020 12:00:00 AM,Agree,Agree,0.0,0.0,0.0,0.0,0,0
0,0,2020-01-24,DE,0,0.0,0,0.0,01/26/2020 12:00:00 AM,Agree,Agree,0.0,0.0,0.0,0.0,0,0
0,0,2020-01-25,DE,0,0.0,0,0.0,01/27/2020 12:00:00 AM,Agree,Agree,0.0,0.0,0.0,0.0,0,0
0,0,2020-01-26,DE,0,0.0,0,0.0,01/28/2020 12:00:00 AM,Agree,Agree,0.0,0.0,0.0,0.0,0,0
0,0,2020-01-27,DE,0,0.0,0,0.0,01/29/2020 12:00:00 AM,Agree,Agree,0.0,0.0,0.0,0.0,0,0
0,0,2020-01-28,DE,0,0.0,0,0.0,01/30/2020 12:00:00 AM,Agree,Agree,0.0,0.0,0.0,0.0,0,0
0,0,2020-01-29,DE,0,0.0,0,0.0,01/31/2020 12:00:00 AM,Agree,Agree,0.0,0.0,0.0,0.0,0,0
0,0,2020-01-30,DE,0,0.0,0,0.0,02/01/2020 12:00:00 AM,Agree,Agree,0.0,0.0,0.0,0.0,0,0
0,0,2020-01-31,DE,0,0.0,0,0.0,02/02/2020 12:00:00 AM,Agree,Agree,0.0,0.0,0.0,0.0,0,0
0,0,2020-02-01,DE,0,0.0,0,0.0,02/03/2020 12:00:00 AM,Agree,Agree,0.0,0.0,0.0,0.0,0,0
0,0,2020-02-02,DE,0,0.0,0,0.0,02/04/2020 12:00:00 AM,Agree,Agree,0.0,0.0,0.0,0.0,0,0
0,0,2020-02-03,DE,0,0.0,0,0.0,02/05/2020 12:00:00 AM,Agree,Agree,0.0,0.0,0.0,0.0,0,0
0,0,2020-02-04,DE,0,0.0,0,0.0,02/06/2020 12:00:00 AM,Agree,Agree,0.0,0.0,0.0,0.0,0,0
0,0,2020-02-05,DE,0,0.0,0,0.0,02/07/2020 12:00:00 AM,Agree,Agree,0.0,0.0,0.0,0.0,0,0
0,0,2020-02-06,DE,0,0.0,0,0.0,02/08/2020 12:00:00 AM,Agree,Agree,0.0,0.0,0.0,0.0,0,0
0,0,2020-02-07,DE,0,0.0,0,0.0,02/09/2020 12:00:00 AM,Agree,Agree,0.0,0.0,0.0,0.0,0,0
0,0,2020-02-08,DE,0,0.0,0,0.0,02/10/2020 12:00:00 AM,Agree,Agree,0.0,0.0,0.0,0.0,0,0
0,0,2020-02-09,DE,0,0.0,0,0.0,02/11/2020 12:00:00 AM,Agree,Agree,0.0,0.0,0.0,0.0,0,0
0,0,2020-02-10,DE,0,0.0,0,0.0,02/12/2020 12:00:00 AM,Agree,Agree,0.0,0.0,0.0,0.0,0,0
0,0,2020-02-11,DE,0,0.0,0,0.0,02/13/2020 12:00:00 AM,Agree,Agree,0.0,0.0,0.0,0.0,0,0
0,0,2020-02-12,DE,0,0.0,0,0.0,02/14/2020 12:00:00 AM,Agree,Agree,0.0,0.0,0.0,0.0,0,0
0,0,2020-02-13,DE,0,0.0,0,0.0,02/15/2020 12:00:00 AM,Agree,Agree,0.0,0.0,0.0,0.0,0,0
0,0,2020-02-14,DE,0,0.0,0,0.0,02/16/2020 12:00:00 AM,Agree,Agree,0.0,0.0,0.0,0.0,0,0
0,0,2020-02-15,DE,0,0.0,0,0.0,02/17/2020 12:00:00 AM,Agree,Agree,0.0,0.0,0.0,0.0,0,0
0,0,2020-02-16,DE,0,0.0,0,0.0,02/18/2020 12:00:00 AM,Agree,Agree,0.0,0.0,0.0,0.0,0,0
0,0,2020-02-17,DE,0,0.0,0,0.0,02/19/2020 12:00:00 AM,Agree,Agree,0.0,0.0,0.0,0.0,0,0
0,0,2020-02-18,DE,0,0.0,0,0.0,02/20/2020 12:00:00 AM,Agree,Agree,0.0,0.0,0.0,0.0,0,0
0,0,2020-02-19,DE,0,0.0,0,0.0,02/21/2020 12:00:00 AM,Agree,Agree,0.0,0.0,0.0,0.0,0,0
0,0,2020-02-20,DE,0,0.0,0,0.0,02/22/2020 12:00:00 AM,Agree,Agree,0.0,0.0,0.0,0.0,0,0
0,0,2020-02-21,DE,0,0.0,0,0.0,02/23/2020 12:00:00 AM,Agree,Agree,0.0,0.0,0.0,0.0,0,0
0,0,2020-02-22,DE,0,0.0,0,0.0,02/24/2020 12:00:00 AM,Agree,Agree,0.0,0.0,0.0,0.0,0,0
0,0,2020-02-23,DE,0,0.0,0,0.0,02/25/2020 12:00:00 AM,Agree,Agree,0.0,0.0,0.0,0.0,0,0
0,0,2020-02-24,DE,0,0.0,0,0.0,02/26/2020 12:00:00 AM,Agree,Agree,0.0,0.0,0.0,0.0,0,0
0,0,2020-02-25,DE,0,0.0,0,0.0,02/27/2020 12:00:00 AM,Agree,Agree,0.0,0.0,0.0,0.0,0,0
0,0,2020-02-26,DE,0,0.0,0,0.0,02/28/2020 12:00:00 AM,Agree,Agree,0.0,0.0,0.0,0.0,0,0
0,0,2020-02-27,DE,0,0.0,0,0.0,02/29/2020 12:00:00 AM,Agree,Agree,0.0,0.0,0.0,0.0,0,0
0,0,2020-02-28,DE,0,0.0,0,0.0,03/01/2020 12:00:00 AM,Agree,Agree,0.0,0.0,0.0,0.0,0,0
0,0,2020-02-29,DE,0,0.0,0,0.0,03/02/2020 12:00:00 AM,Agree,Agree,0.0,0.0,0.0,0.0,0,0
0,0,2020-03-01,DE,0,0.0,0,0.0,03/03/2020 12:00:00 AM,Agree,Agree,0.0,0.0,0.0,0.0,0,0
0,0,2020-03-02,DE,0,0.0,0,0.0,03/04/2020 12:00:00 AM,Agree,Agree,0.0,0.0,0.0,0.0,0,0
0,0,2020-03-03,DE,0,0.0,0,0.0,03/05/2020 12:00:00 AM,Agree,Agree,0.0,0.0,0.0,0.0,0,0
0,0,2020-03-04,DE,0,0.0,0,0.0,03/06/2020 12:00:00 AM,Agree,Agree,0.0,0.0,0.0,0.0,0,0
0,0,2020-03-05,DE,0,0.0,0,0.0,03/07/2020 12:00:00 AM,Agree,Agree,0.0,0.0,0.0,0.0,0,0
0,0,2020-03-06,DE,0,0.0,0,0.0,03/08/2020 12:00:00 AM,Agree,Agree,0.0,0.0,0.0,0.0,0,0
0,0,2020-03-07,DE,0,0.0,0,0.0,03/09/2020 12:00:00 AM,Agree,Agree,0.0,0.0,0.0,0.0,0,0
0,0,2020-03-08,DE,0,0.0,0,0.0,03/10/2020 12:00:00 AM,Agree,Agree,0.0,0.0,0.0,0.0,0,0
0,0,2020-03-09,DE,0,0.0,0,0.0,03/11/2020 12:00:00 AM,Agree,Agree,0.0,0.0,0.0,0.0,0,0
0,0,2020-03-10,DE,0,0.0,0,0.0,03/12/2020 12:00:00 AM,Agree,Agree,0.0,0.0,0.0,0.0,0,0
0,0,2020-03-11,DE,0,0.0,0,0.0,03/13/2020 12:00:00 AM,Agree,Agree,0.0,0.0,0.0,0.0,0,0
3,0,2020-03-12,DE,3,0.0,0,0.0,03/14/2020 12:00:00 AM,Agree,Agree,0.0,3.0,0.0,0.0,3,0
0,0,2020-03-13,DE,0,0.0,0,0.0,03/15/2020 12:00:00 AM,Agree,Agree,0.0,3.0,0.0,0.0,3,0
1,0,2020-03-14,DE,1,0.0,0,0.0,03/16/2020 12:00:00 AM,Agree,Agree,0.0,4.0,0.0,0.0,4,0
0,0,2020-03-15,DE,0,0.0,0,0.0,03/17/2020 12:00:00 AM,Agree,Agree,0.0,4.0,0.0,0.0,4,0
3,0,2020-03-16,DE,3,0.0,0,0.0,03/18/2020 12:00:00 AM,Agree,Agree,0.0,7.0,0.0,0.0,7,0
1,0,2020-03-17,DE,1,0.0,0,0.0,03/19/2020 12:00:00 AM,Agree,Agree,0.0,8.0,0.0,0.0,8,0
4,0,2020-03-18,DE,4,0.0,0,0.0,03/20/2020 12:00:00 AM,Agree,Agree,0.0,12.0,0.0,0.0,12,0
11,0,2020-03-19,DE,11,0.0,0,0.0,03/21/2020 12:00:00 AM,Agree,Agree,0.0,23.0,0.0,0.0,23,0
13,0,2020-03-20,DE,13,0.0,0,0.0,03/22/2020 12:00:00 AM,Agree,Agree,0.0,36.0,0.0,0.0,36,0
9,0,2020-03-21,DE,9,0.0,0,0.0,03/23/2020 12:00:00 AM,Agree,Agree,0.0,45.0,0.0,0.0,45,0
7,0,2020-03-22,DE,7,0.0,0,0.0,03/24/2020 12:00:00 AM,Agree,Agree,0.0,52.0,0.0,0.0,52,0
13,0,2020-03-23,DE,13,0.0,0,0.0,03/25/2020 12:00:00 AM,Agree,Agree,0.0,65.0,0.0,0.0,65,0
39,0,2020-03-24,DE,39,0.0,0,0.0,03/26/2020 12:00:00 AM,Agree,Agree,0.0,104.0,0.0,0.0,104,0
33,0,2020-03-25,DE,33,0.0,0,0.0,03/27/2020 12:00:00 AM,Agree,Agree,0.0,137.0,0.0,0.0,137,0
18,2,2020-03-26,DE,18,0.0,2,0.0,03/28/2020 12:00:00 AM,Agree,Agree,0.0,155.0,2.0,0.0,155,2
23,0,2020-03-27,DE,23,0.0,0,0.0,03/29/2020 12:00:00 AM,Agree,Agree,0.0,178.0,2.0,0.0,178,2
38,3,2020-03-28,DE,38,1.0,3,0.0,03/30/2020 12:00:00 AM,Agree,Agree,1.0,215.0,5.0,0.0,216,5
48,1,2020-03-29,DE,48,1.0,1,0.0,03/31/2020 12:00:00 AM,Agree,Agree,2.0,262.0,6.0,0.0,264,6
46,1,2020-03-30,DE,46,0.0,1,0.0,04/01/2020 12:00:00 AM,Agree,Agree,2.0,308.0,7.0,0.0,310,7
35,3,2020-03-31,DE,35,0.0,3,0.0,04/02/2020 12:00:00 AM,Agree,Agree,2.0,343.0,10.0,0.0,345,10
70,1,2020-04-01,DE,70,0.0,1,0.0,04/03/2020 12:00:00 AM,Agree,Agree,2.0,413.0,11.0,0.0,415,11
37,1,2020-04-02,DE,37,2.0,1,0.0,04/04/2020 12:00:00 AM,Agree,Agree,4.0,448.0,12.0,0.0,452,12
33,2,2020-04-03,DE,33,0.0,2,0.0,04/05/2020 12:00:00 AM,Agree,Agree,4.0,481.0,14.0,0.0,485,14
171,0,2020-04-04,DE,171,0.0,0,0.0,04/06/2020 12:00:00 AM,Agree,Agree,4.0,652.0,14.0,0.0,656,14
60,0,2020-04-05,DE,60,0.0,0,0.0,04/07/2020 12:00:00 AM,Agree,Agree,4.0,712.0,14.0,0.0,716,14
69,1,2020-04-06,DE,69,0.0,1,0.0,04/08/2020 12:00:00 AM,Agree,Agree,4.0,781.0,15.0,0.0,785,15
95,1,2020-04-07,DE,95,2.0,1,0.0,04/09/2020 12:00:00 AM,Agree,Agree,6.0,874.0,16.0,0.0,880,16
223,3,2020-04-08,DE,223,2.0,3,0.0,04/10/2020 12:00:00 AM,Agree,Agree,8.0,1095.0,19.0,0.0,1103,19
116,4,2020-04-09,DE,116,7.0,4,0.0,04/11/2020 12:00:00 AM,Agree,Agree,15.0,1204.0,23.0,0.0,1219,23
99,9,2020-04-10,DE,99,5.0,9,0.0,04/12/2020 12:00:00 AM,Agree,Agree,20.0,1298.0,32.0,0.0,1318,32
152,1,2020-04-11,DE,152,4.0,1,0.0,04/13/2020 12:00:00 AM,Agree,Agree,24.0,1446.0,33.0,0.0,1470,33
136,2,2020-04-12,DE,136,0.0,2,0.0,04/14/2020 12:00:00 AM,Agree,Agree,24.0,1582.0,35.0,0.0,1606,35
106,6,2020-04-13,DE,106,0.0,6,0.0,04/15/2020 12:00:00 AM,Agree,Agree,24.0,1688.0,41.0,0.0,1712,41
145,2,2020-04-14,DE,145,1.0,2,0.0,04/16/2020 12:00:00 AM,Agree,Agree,25.0,1832.0,43.0,0.0,1857,43
190,3,2020-04-15,DE,190,2.0,3,0.0,04/17/2020 12:00:00 AM,Agree,Agree,27.0,2020.0,46.0,0.0,2047,46
61,6,2020-04-16,DE,61,2.0,6,0.0,04/18/2020 12:00:00 AM,Agree,Agree,29.0,2079.0,52.0,0.0,2108,52
113,9,2020-04-17,DE,113,2.0,9,0.0,04/19/2020 12:00:00 AM,Agree,Agree,31.0,2190.0,61.0,0.0,2221,61
279,6,2020-04-18,DE,279,3.0,6,0.0,04/20/2020 12:00:00 AM,Agree,Agree,34.0,2466.0,67.0,0.0,2500,67
197,0,2020-04-20,DE,197,7.0,0,0.0,04/22/2020 12:00:00 AM,Agree,Agree,41.0,2770.0,63.0,9.0,2811,72
274,3,2020-04-22,DE,274,5.0,3,0.0,04/24/2020 12:00:00 AM,Agree,Agree,47.0,3227.0,82.0,10.0,3274,92
128,8,2020-04-23,DE,128,2.0,8,0.0,03/23/2022 03:00:32 PM,Agree,Agree,49.0,3353.0,90.0,10.0,3402,100
142,0,2020-04-24,DE,142,1.0,0,0.0,03/23/2022 03:00:32 PM,Agree,Agree,50.0,3494.0,90.0,10.0,3544,100
396,7,2020-04-28,DE,396,77.0,7,0.0,04/30/2020 12:00:00 AM,Agree,Agree,130.0,4524.0,133.0,11.0,4654,144
107,8,2020-04-29,DE,107,4.0,8,0.0,05/01/2020 12:00:00 AM,Agree,Agree,134.0,4627.0,141.0,11.0,4761,152
38,0,2020-04-30,DE,38,0.0,0,0.0,05/02/2020 12:00:00 AM,Agree,Agree,134.0,4665.0,141.0,11.0,4799,152
195,7,2020-05-01,DE,195,5.0,7,0.0,05/03/2020 12:00:00 AM,Agree,Agree,139.0,4855.0,148.0,11.0,4994,159
130,9,2020-05-02,DE,130,1.0,9,0.0,05/04/2020 12:00:00 AM,Agree,Agree,140.0,4984.0,157.0,11.0,5124,168
148,9,2020-05-03,DE,148,2.0,9,0.0,05/05/2020 12:00:00 AM,Agree,Agree,142.0,5130.0,166.0,11.0,5272,177
301,5,2020-05-04,DE,301,4.0,5,0.0,05/06/2020 12:00:00 AM,Agree,Agree,146.0,5427.0,171.0,11.0,5573,182
214,5,2020-05-05,DE,214,5.0,5,0.0,05/07/2020 12:00:00 AM,Agree,Agree,151.0,5636.0,176.0,11.0,5787,187
162,6,2020-05-06,DE,162,51.0,6,0.0,05/08/2020 12:00:00 AM,Agree,Agree,202.0,5747.0,182.0,11.0,5949,193
171,0,2020-05-08,DE,171,0.0,0,0.0,05/10/2020 12:00:00 AM,Agree,Agree,206.0,6103.0,202.0,11.0,6309,213
125,1,2020-05-10,DE,125,3.0,1,0.0,05/12/2020 12:00:00 AM,Agree,Agree,214.0,6387.0,214.0,11.0,6601,225
116,10,2020-05-12,DE,116,2.0,10,0.0,05/14/2020 12:00:00 AM,Agree,Agree,471.0,6720.0,236.0,11.0,7191,247
118,0,2020-05-15,DE,118,8.0,0,0.0,05/17/2020 12:00:00 AM,Agree,Agree,483.0,6954.0,257.0,14.0,7437,271
189,7,2020-05-18,DE,189,3.0,7,0.0,05/20/2020 12:00:00 AM,Agree,Agree,768.0,7415.0,284.0,20.0,8183,304
101,5,2020-05-21,DE,101,6.0,5,0.0,05/23/2020 12:00:00 AM,Agree,Agree,783.0,7688.0,299.0,23.0,8471,322
131,2,2020-05-22,DE,131,4.0,2,0.0,05/24/2020 12:00:00 AM,Agree,Agree,787.0,7815.0,301.0,23.0,8602,324
109,0,2020-05-23,DE,109,6.0,0,0.0,05/25/2020 12:00:00 AM,Agree,Agree,793.0,7918.0,301.0,23.0,8711,324
136,2,2020-05-24,DE,136,7.0,2,0.0,05/26/2020 12:00:00 AM,Agree,Agree,800.0,8047.0,303.0,23.0,8847,326
92,7,2020-05-26,DE,92,0.0,7,0.0,05/28/2020 12:00:00 AM,Agree,Agree,823.0,8274.0,321.0,23.0,9097,344
36,1,2020-05-27,DE,36,1.0,1,0.0,05/29/2020 12:00:00 AM,Agree,Agree,824.0,8309.0,322.0,23.0,9133,345
157,5,2020-05-30,DE,157,2.0,5,0.0,06/01/2020 12:00:00 AM,Agree,Agree,828.0,8614.0,342.0,24.0,9442,366
69,3,2020-05-31,DE,69,1.0,3,0.0,06/02/2020 12:00:00 AM,Agree,Agree,829.0,8682.0,345.0,24.0,9511,369
128,4,2020-06-01,DE,128,2.0,4,0.0,06/03/2020 12:00:00 AM,Agree,Agree,831.0,8808.0,349.0,24.0,9639,373
59,2,2020-06-02,DE,59,2.0,2,0.0,06/04/2020 12:00:00 AM,Agree,Agree,833.0,8865.0,351.0,24.0,9698,375
43,2,2020-06-04,DE,43,4.0,2,0.0,06/06/2020 12:00:00 AM,Agree,Agree,837.0,8939.0,364.0,24.0,9776,388
57,2,2020-06-05,DE,57,0.0,2,0.0,06/07/2020 12:00:00 AM,Agree,Agree,837.0,8996.0,366.0,24.0,9833,390
74,8,2020-06-06,DE,74,0.0,8,0.0,06/08/2020 12:00:00 AM,Agree,Agree,837.0,9070.0,374.0,24.0,9907,398
78,0,2020-06-07,DE,78,0.0,0,0.0,06/09/2020 12:00:00 AM,Agree,Agree,837.0,9148.0,374.0,24.0,9985,398
52,3,2020-06-09,DE,52,2.0,3,0.0,06/11/2020 12:00:00 AM,Agree,Agree,840.0,9245.0,389.0,24.0,10085,413
35,1,2020-06-10,DE,35,0.0,1,0.0,06/12/2020 12:00:00 AM,Agree,Agree,840.0,9280.0,390.0,24.0,10120,414
67,0,2020-06-11,DE,67,5.0,0,0.0,06/13/2020 12:00:00 AM,Agree,Agree,845.0,9342.0,390.0,24.0,10187,414
57,4,2020-06-12,DE,57,0.0,4,0.0,06/14/2020 12:00:00 AM,Agree,Agree,845.0,9399.0,394.0,24.0,10244,418
43,1,2020-06-14,DE,43,0.0,1,0.0,06/16/2020 12:00:00 AM,Agree,Agree,845.0,9502.0,398.0,25.0,10347,423
75,1,2020-06-15,DE,75,8.0,1,0.0,06/17/2020 12:00:00 AM,Agree,Agree,853.0,9569.0,399.0,25.0,10422,424
57,2,2020-06-16,DE,57,10.0,2,0.0,06/18/2020 12:00:00 AM,Agree,Agree,863.0,9616.0,401.0,25.0,10479,426
47,5,2020-06-17,DE,47,0.0,5,0.0,06/19/2020 12:00:00 AM,Agree,Agree,863.0,9663.0,406.0,25.0,10526,431
62,2,2020-06-18,DE,62,1.0,2,0.0,06/20/2020 12:00:00 AM,Agree,Agree,864.0,9724.0,408.0,25.0,10588,433
42,0,2020-06-19,DE,42,1.0,0,0.0,06/21/2020 12:00:00 AM,Agree,Agree,865.0,9765.0,408.0,25.0,10630,433
49,2,2020-06-20,DE,49,0.0,2,0.0,06/22/2020 12:00:00 AM,Agree,Agree,865.0,9814.0,410.0,25.0,10679,435
90,0,2020-06-21,DE,90,0.0,0,0.0,06/23/2020 12:00:00 AM,Agree,Agree,865.0,9904.0,410.0,25.0,10769,435
46,1,2020-06-23,DE,46,0.0,1,0.0,06/25/2020 12:00:00 AM,Agree,Agree,867.0,9997.0,447.0,58.0,10864,505
43,0,2020-06-24,DE,43,1.0,0,0.0,06/26/2020 12:00:00 AM,Agree,Agree,868.0,10039.0,447.0,58.0,10907,505
97,2,2020-06-25,DE,97,0.0,2,0.0,06/27/2020 12:00:00 AM,Agree,Agree,868.0,10136.0,449.0,58.0,11004,507
79,0,2020-06-26,DE,79,0.0,0,0.0,06/28/2020 12:00:00 AM,Agree,Agree,868.0,10215.0,449.0,58.0,11083,507
112,0,2020-06-27,DE,112,0.0,0,0.0,06/29/2020 12:00:00 AM,Agree,Agree,868.0,10327.0,449.0,58.0,11195,507
133,0,2020-06-28,DE,133,0.0,0,0.0,06/30/2020 12:00:00 AM,Agree,Agree,868.0,10460.0,449.0,58.0,11328,507
157,0,2020-06-29,DE,157,3.0,0,0.0,07/01/2020 12:00:00 AM,Agree,Agree,871.0,10614.0,449.0,58.0,11485,507
81,2,2020-06-30,DE,81,0.0,2,0.0,07/02/2020 12:00:00 AM,Agree,Agree,871.0,10695.0,451.0,58.0,11566,509
182,0,2020-07-02,DE,182,1.0,0,0.0,07/04/2020 12:00:00 AM,Agree,Agree,873.0,10915.0,453.0,57.0,11788,510
158,2,2020-07-03,DE,158,0.0,2,0.0,07/05/2020 12:00:00 AM,Agree,Agree,873.0,11073.0,455.0,57.0,11946,512
75,0,2020-07-04,DE,75,1.0,0,0.0,07/06/2020 12:00:00 AM,Agree,Agree,874.0,11147.0,455.0,57.0,12021,512
208,0,2020-07-05,DE,208,0.0,0,0.0,07/07/2020 12:00:00 AM,Agree,Agree,874.0,11355.0,455.0,57.0,12229,512
109,2,2020-07-06,DE,109,1.0,2,0.0,07/08/2020 12:00:00 AM,Agree,Agree,875.0,11463.0,457.0,57.0,12338,514
118,1,2020-07-07,DE,118,0.0,1,0.0,07/09/2020 12:00:00 AM,Agree,Agree,875.0,11581.0,458.0,57.0,12456,515
53,2,2020-07-08,DE,53,0.0,2,0.0,07/10/2020 12:00:00 AM,Agree,Agree,875.0,11634.0,460.0,57.0,12509,517
74,1,2020-07-09,DE,74,0.0,1,0.0,07/11/2020 12:00:00 AM,Agree,Agree,875.0,11708.0,461.0,57.0,12583,518
143,0,2020-07-10,DE,143,0.0,0,0.0,07/12/2020 12:00:00 AM,Agree,Agree,875.0,11851.0,461.0,57.0,12726,518
112,0,2020-07-11,DE,112,1.0,0,0.0,07/13/2020 12:00:00 AM,Agree,Agree,876.0,11962.0,461.0,57.0,12838,518
179,1,2020-07-13,DE,179,1.0,1,0.0,07/15/2020 12:00:00 AM,Agree,Agree,879.0,12354.0,460.0,58.0,13233,518
124,3,2020-07-14,DE,124,0.0,3,0.0,07/16/2020 12:00:00 AM,Agree,Agree,879.0,12478.0,463.0,58.0,13357,521
93,0,2020-07-15,DE,93,1.0,0,0.0,07/17/2020 12:00:00 AM,Agree,Agree,880.0,12570.0,463.0,58.0,13450,521
80,0,2020-07-16,DE,80,0.0,0,0.0,07/18/2020 12:00:00 AM,Agree,Agree,880.0,12650.0,463.0,58.0,13530,521
125,2,2020-07-17,DE,125,2.0,2,0.0,07/19/2020 12:00:00 AM,Agree,Agree,882.0,12773.0,465.0,58.0,13655,523
79,0,2020-07-18,DE,79,0.0,0,0.0,07/20/2020 12:00:00 AM,Agree,Agree,882.0,12852.0,465.0,58.0,13734,523
86,0,2020-07-19,DE,86,0.0,0,0.0,07/21/2020 12:00:00 AM,Agree,Agree,882.0,12938.0,465.0,58.0,13820,523
112,2,2020-07-20,DE,112,2.0,2,0.0,07/22/2020 12:00:00 AM,Agree,Agree,884.0,13048.0,467.0,58.0,13932,525
143,2,2020-07-21,DE,143,5.0,2,0.0,07/23/2020 12:00:00 AM,Agree,Agree,889.0,13186.0,469.0,58.0,14075,527
60,2,2020-07-22,DE,60,1.0,2,0.0,07/24/2020 12:00:00 AM,Agree,Agree,890.0,13245.0,471.0,58.0,14135,529
148,0,2020-07-23,DE,148,3.0,0,0.0,07/25/2020 12:00:00 AM,Agree,Agree,893.0,13390.0,471.0,58.0,14283,529
114,1,2020-07-25,DE,114,0.0,1,0.0,07/27/2020 12:00:00 AM,Agree,Agree,894.0,13580.0,509.0,70.0,14474,579
116,0,2020-07-26,DE,116,0.0,0,0.0,07/28/2020 12:00:00 AM,Agree,Agree,894.0,13696.0,509.0,70.0,14590,579
111,1,2020-07-27,DE,111,0.0,1,0.0,07/29/2020 12:00:00 AM,Agree,Agree,894.0,13807.0,510.0,70.0,14701,580
68,1,2020-07-28,DE,68,0.0,1,0.0,07/30/2020 12:00:00 AM,Agree,Agree,894.0,13875.0,511.0,70.0,14769,581
141,0,2020-07-29,DE,141,0.0,0,0.0,07/31/2020 12:00:00 AM,Agree,Agree,894.0,14016.0,511.0,70.0,14910,581
88,0,2020-07-30,DE,88,1.0,0,0.0,08/01/2020 12:00:00 AM,Agree,Agree,895.0,14103.0,511.0,70.0,14998,581
95,4,2020-07-31,DE,95,0.0,4,0.0,08/02/2020 12:00:00 AM,Agree,Agree,895.0,14198.0,515.0,70.0,15093,585
90,0,2020-08-01,DE,90,0.0,0,0.0,08/03/2020 12:00:00 AM,Agree,Agree,895.0,14288.0,515.0,70.0,15183,585
93,0,2020-08-02,DE,93,0.0,0,0.0,08/04/2020 12:00:00 AM,Agree,Agree,895.0,14381.0,515.0,70.0,15276,585
111,0,2020-08-03,DE,111,1.0,0,0.0,08/05/2020 12:00:00 AM,Agree,Agree,896.0,14491.0,515.0,70.0,15387,585
78,2,2020-08-04,DE,78,0.0,2,0.0,08/06/2020 12:00:00 AM,Agree,Agree,896.0,14569.0,517.0,70.0,15465,587
61,0,2020-08-05,DE,61,0.0,0,0.0,08/07/2020 12:00:00 AM,Agree,Agree,896.0,14630.0,517.0,70.0,15526,587
70,0,2020-08-06,DE,70,0.0,0,0.0,08/08/2020 12:00:00 AM,Agree,Agree,896.0,14700.0,517.0,70.0,15596,587
89,3,2020-08-07,DE,89,0.0,3,0.0,08/09/2020 12:00:00 AM,Agree,Agree,896.0,14789.0,520.0,70.0,15685,590
60,1,2020-08-08,DE,60,2.0,1,0.0,08/10/2020 12:00:00 AM,Agree,Agree,898.0,14847.0,521.0,70.0,15745,591
54,0,2020-08-09,DE,54,1.0,0,0.0,08/11/2020 12:00:00 AM,Agree,Agree,899.0,14900.0,521.0,70.0,15799,591
71,0,2020-08-10,DE,71,0.0,0,0.0,08/12/2020 12:00:00 AM,Agree,Agree,899.0,14971.0,521.0,70.0,15870,591
69,0,2020-08-11,DE,69,0.0,0,0.0,08/13/2020 12:00:00 AM,Agree,Agree,899.0,15040.0,521.0,70.0,15939,591
94,0,2020-08-13,DE,94,1.0,0,0.0,08/15/2020 12:00:00 AM,Agree,Agree,905.0,15196.0,524.0,69.0,16101,593
73,0,2020-08-14,DE,73,1.0,0,0.0,08/16/2020 12:00:00 AM,Agree,Agree,906.0,15268.0,524.0,69.0,16174,593
68,0,2020-08-15,DE,68,1.0,0,0.0,08/17/2020 12:00:00 AM,Agree,Agree,907.0,15335.0,524.0,69.0,16242,593
57,0,2020-08-16,DE,57,0.0,0,0.0,08/18/2020 12:00:00 AM,Agree,Agree,907.0,15392.0,524.0,69.0,16299,593
90,0,2020-08-17,DE,90,1.0,0,0.0,08/19/2020 12:00:00 AM,Agree,Agree,908.0,15481.0,524.0,69.0,16389,593
57,2,2020-08-18,DE,57,0.0,2,0.0,08/20/2020 12:00:00 AM,Agree,Agree,908.0,15538.0,526.0,69.0,16446,595
45,0,2020-08-19,DE,45,0.0,0,0.0,08/21/2020 12:00:00 AM,Agree,Agree,908.0,15583.0,526.0,69.0,16491,595
83,0,2020-08-20,DE,83,0.0,0,0.0,08/22/2020 12:00:00 AM,Agree,Agree,908.0,15666.0,526.0,69.0,16574,595
55,5,2020-08-21,DE,55,0.0,5,0.0,08/23/2020 12:00:00 AM,Agree,Agree,908.0,15721.0,531.0,69.0,16629,600
85,0,2020-08-22,DE,85,3.0,0,0.0,08/24/2020 12:00:00 AM,Agree,Agree,911.0,15803.0,531.0,69.0,16714,600
67,0,2020-08-24,DE,67,0.0,0,0.0,08/26/2020 12:00:00 AM,Agree,Agree,919.0,15954.0,532.0,72.0,16873,604
69,0,2020-08-26,DE,69,0.0,0,0.0,08/28/2020 12:00:00 AM,Agree,Agree,919.0,16104.0,533.0,71.0,17023,604
68,0,2020-08-27,DE,68,0.0,0,0.0,08/29/2020 12:00:00 AM,Agree,Agree,919.0,16172.0,533.0,71.0,17091,604
131,0,2020-08-28,DE,131,0.0,0,0.0,08/30/2020 12:00:00 AM,Agree,Agree,919.0,16303.0,533.0,71.0,17222,604
103,0,2020-08-29,DE,103,2.0,0,0.0,08/31/2020 12:00:00 AM,Agree,Agree,921.0,16404.0,533.0,71.0,17325,604
109,0,2020-08-30,DE,109,1.0,0,0.0,09/01/2020 12:00:00 AM,Agree,Agree,922.0,16512.0,533.0,71.0,17434,604
96,0,2020-09-01,DE,96,0.0,0,0.0,09/03/2020 12:00:00 AM,Agree,Agree,922.0,16708.0,533.0,72.0,17630,605
68,1,2020-09-02,DE,68,0.0,1,0.0,09/04/2020 12:00:00 AM,Agree,Agree,922.0,16776.0,534.0,72.0,17698,606
114,0,2020-09-03,DE,114,1.0,0,0.0,09/05/2020 12:00:00 AM,Agree,Agree,923.0,16889.0,534.0,72.0,17812,606
92,2,2020-09-04,DE,92,1.0,2,0.0,09/06/2020 12:00:00 AM,Agree,Agree,924.0,16980.0,536.0,72.0,17904,608
149,1,2020-09-05,DE,149,0.0,1,0.0,09/07/2020 12:00:00 AM,Agree,Agree,924.0,17129.0,537.0,72.0,18053,609
110,0,2020-09-06,DE,110,0.0,0,0.0,09/08/2020 12:00:00 AM,Agree,Agree,924.0,17239.0,537.0,72.0,18163,609
83,0,2020-09-07,DE,83,1.0,0,0.0,09/09/2020 12:00:00 AM,Agree,Agree,925.0,17321.0,537.0,72.0,18246,609
62,0,2020-09-08,DE,62,0.0,0,0.0,09/10/2020 12:00:00 AM,Agree,Agree,925.0,17383.0,537.0,72.0,18308,609
69,0,2020-09-09,DE,69,0.0,0,0.0,09/11/2020 12:00:00 AM,Agree,Agree,925.0,17452.0,537.0,72.0,18377,609
103,4,2020-09-10,DE,103,0.0,4,0.0,09/12/2020 12:00:00 AM,Agree,Agree,925.0,17555.0,541.0,72.0,18480,613
102,0,2020-09-11,DE,102,0.0,0,0.0,09/13/2020 12:00:00 AM,Agree,Agree,925.0,17657.0,541.0,72.0,18582,613
129,0,2020-09-12,DE,129,2.0,0,0.0,09/14/2020 12:00:00 AM,Agree,Agree,927.0,17784.0,541.0,72.0,18711,613
134,4,2020-09-13,DE,134,0.0,4,0.0,09/15/2020 12:00:00 AM,Agree,Agree,927.0,17918.0,545.0,72.0,18845,617
85,1,2020-09-16,DE,85,0.0,1,0.0,09/18/2020 12:00:00 AM,Agree,Agree,929.0,18189.0,547.0,72.0,19118,619
91,0,2020-09-17,DE,91,1.0,0,0.0,09/19/2020 12:00:00 AM,Agree,Agree,930.0,18279.0,547.0,72.0,19209,619
82,0,2020-09-19,DE,82,2.0,0,0.0,09/21/2020 12:00:00 AM,Agree,Agree,945.0,18484.0,548.0,73.0,19429,621
101,0,2020-09-21,DE,101,1.0,0,0.0,09/23/2020 12:00:00 AM,Agree,Agree,946.0,18705.0,550.0,77.0,19651,627
91,1,2020-09-22,DE,91,9.0,1,0.0,09/24/2020 12:00:00 AM,Agree,Agree,955.0,18787.0,551.0,77.0,19742,628
81,2,2020-09-23,DE,81,9.0,2,0.0,09/25/2020 12:00:00 AM,Agree,Agree,964.0,18859.0,553.0,77.0,19823,630
119,0,2020-09-24,DE,119,3.0,0,0.0,09/26/2020 12:00:00 AM,Agree,Agree,967.0,18975.0,553.0,77.0,19942,630
122,1,2020-09-25,DE,122,6.0,1,0.0,09/27/2020 12:00:00 AM,Agree,Agree,973.0,19091.0,554.0,77.0,20064,631
88,2,2020-09-26,DE,88,6.0,2,0.0,09/28/2020 12:00:00 AM,Agree,Agree,979.0,19173.0,556.0,77.0,20152,633
100,1,2020-09-27,DE,100,0.0,1,0.0,09/29/2020 12:00:00 AM,Agree,Agree,979.0,19273.0,557.0,77.0,20252,634
144,1,2020-09-28,DE,144,3.0,1,0.0,09/30/2020 12:00:00 AM,Agree,Agree,982.0,19414.0,558.0,77.0,20396,635
95,0,2020-09-29,DE,95,6.0,0,0.0,10/01/2020 12:00:00 AM,Agree,Agree,988.0,19503.0,558.0,77.0,20491,635
98,1,2020-09-30,DE,98,14.0,1,0.0,10/02/2020 12:00:00 AM,Agree,Agree,1002.0,19587.0,559.0,77.0,20589,636
141,3,2020-10-02,DE,141,1.0,3,0.0,10/04/2020 12:00:00 AM,Agree,Agree,1005.0,19904.0,565.0,80.0,20909,645
174,0,2020-10-03,DE,174,0.0,0,0.0,10/05/2020 12:00:00 AM,Agree,Agree,1005.0,20078.0,565.0,80.0,21083,645
126,0,2020-10-04,DE,126,0.0,0,0.0,10/06/2020 12:00:00 AM,Agree,Agree,1005.0,20204.0,565.0,80.0,21209,645
157,0,2020-10-05,DE,157,0.0,0,0.0,10/07/2020 12:00:00 AM,Agree,Agree,1005.0,20361.0,565.0,80.0,21366,645
86,1,2020-10-06,DE,86,1.0,1,0.0,10/08/2020 12:00:00 AM,Agree,Agree,1006.0,20446.0,566.0,80.0,21452,646
135,3,2020-10-07,DE,135,1.0,3,0.0,10/09/2020 12:00:00 AM,Agree,Agree,1007.0,20580.0,569.0,80.0,21587,649
102,2,2020-10-08,DE,102,2.0,2,0.0,10/10/2020 12:00:00 AM,Agree,Agree,1009.0,20680.0,571.0,80.0,21689,651
158,0,2020-10-09,DE,158,2.0,0,0.0,10/11/2020 12:00:00 AM,Agree,Agree,1011.0,20836.0,571.0,80.0,21847,651
181,3,2020-10-10,DE,181,3.0,3,0.0,10/12/2020 12:00:00 AM,Agree,Agree,1014.0,21014.0,574.0,80.0,22028,654
133,0,2020-10-11,DE,133,2.0,0,0.0,10/13/2020 12:00:00 AM,Agree,Agree,1016.0,21145.0,574.0,80.0,22161,654
162,5,2020-10-12,DE,162,0.0,5,0.0,10/14/2020 12:00:00 AM,Agree,Agree,1016.0,21307.0,579.0,80.0,22323,659
102,0,2020-10-13,DE,102,1.0,0,0.0,10/15/2020 12:00:00 AM,Agree,Agree,1017.0,21408.0,579.0,80.0,22425,659
69,1,2020-10-14,DE,69,1.0,1,0.0,10/16/2020 12:00:00 AM,Agree,Agree,1018.0,21476.0,580.0,80.0,22494,660
164,1,2020-10-16,DE,164,2.0,1,0.0,10/18/2020 12:00:00 AM,Agree,Agree,1022.0,21726.0,581.0,81.0,22748,662
236,2,2020-10-17,DE,236,4.0,2,0.0,10/19/2020 12:00:00 AM,Agree,Agree,1026.0,21958.0,583.0,81.0,22984,664
148,2,2020-10-18,DE,148,0.0,2,0.0,10/20/2020 12:00:00 AM,Agree,Agree,1026.0,22106.0,585.0,81.0,23132,666
108,0,2020-10-19,DE,108,3.0,0,0.0,10/21/2020 12:00:00 AM,Agree,Agree,1029.0,22211.0,585.0,81.0,23240,666
111,2,2020-10-20,DE,111,5.0,2,0.0,10/22/2020 12:00:00 AM,Agree,Agree,1034.0,22317.0,587.0,81.0,23351,668
61,2,2020-10-21,DE,61,5.0,2,0.0,10/23/2020 12:00:00 AM,Agree,Agree,1039.0,22373.0,589.0,81.0,23412,670
142,8,2020-10-22,DE,142,1.0,8,0.0,10/24/2020 12:00:00 AM,Agree,Agree,1040.0,22514.0,597.0,81.0,23554,678
164,0,2020-10-23,DE,164,11.0,0,0.0,10/25/2020 12:00:00 AM,Agree,Agree,1051.0,22667.0,597.0,81.0,23718,678
158,2,2020-10-24,DE,158,1.0,2,0.0,10/26/2020 12:00:00 AM,Agree,Agree,1052.0,22824.0,599.0,81.0,23876,680
119,5,2020-10-25,DE,119,2.0,5,0.0,10/27/2020 12:00:00 AM,Agree,Agree,1054.0,22941.0,604.0,81.0,23995,685
201,0,2020-10-26,DE,201,4.0,0,0.0,10/28/2020 12:00:00 AM,Agree,Agree,1058.0,23138.0,604.0,81.0,24196,685
85,1,2020-10-27,DE,85,4.0,1,0.0,10/29/2020 12:00:00 AM,Agree,Agree,1062.0,23219.0,605.0,81.0,24281,686
135,2,2020-10-28,DE,135,2.0,2,0.0,10/30/2020 12:00:00 AM,Agree,Agree,1064.0,23352.0,607.0,81.0,24416,688
157,1,2020-10-29,DE,157,6.0,1,0.0,10/31/2020 12:00:00 AM,Agree,Agree,1070.0,23503.0,608.0,81.0,24573,689
194,2,2020-10-31,DE,194,8.0,2,0.0,11/02/2020 12:00:00 AM,Agree,Agree,1086.0,23872.0,623.0,87.0,24958,710
189,0,2020-11-01,DE,189,11.0,0,0.0,11/03/2020 12:00:00 AM,Agree,Agree,1097.0,24050.0,623.0,87.0,25147,710
186,2,2020-11-02,DE,186,4.0,2,0.0,11/04/2020 12:00:00 AM,Agree,Agree,1101.0,24232.0,625.0,87.0,25333,712
102,0,2020-11-03,DE,102,5.0,0,0.0,11/05/2020 12:00:00 AM,Agree,Agree,1106.0,24329.0,625.0,87.0,25435,712
115,4,2020-11-04,DE,115,9.0,4,0.0,11/06/2020 12:00:00 AM,Agree,Agree,1115.0,24435.0,629.0,87.0,25550,716
219,0,2020-11-05,DE,219,2.0,0,0.0,11/07/2020 12:00:00 AM,Agree,Agree,1117.0,24652.0,629.0,87.0,25769,716
292,0,2020-11-06,DE,292,1.0,0,0.0,11/08/2020 12:00:00 AM,Agree,Agree,1118.0,24943.0,629.0,87.0,26061,716
218,0,2020-11-07,DE,218,1.0,0,0.0,11/09/2020 12:00:00 AM,Agree,Agree,1119.0,25160.0,629.0,87.0,26279,716
316,2,2020-11-08,DE,316,6.0,2,0.0,11/10/2020 12:00:00 AM,Agree,Agree,1125.0,25470.0,631.0,87.0,26595,718
308,4,2020-11-09,DE,308,5.0,4,0.0,11/11/2020 12:00:00 AM,Agree,Agree,1130.0,25773.0,635.0,87.0,26903,722
202,2,2020-11-10,DE,202,1.0,2,0.0,11/12/2020 12:00:00 AM,Agree,Agree,1131.0,25974.0,637.0,87.0,27105,724
242,0,2020-11-11,DE,242,7.0,0,0.0,11/13/2020 12:00:00 AM,Agree,Agree,1138.0,26209.0,637.0,87.0,27347,724
463,2,2020-11-13,DE,463,13.0,2,0.0,11/15/2020 12:00:00 AM,Agree,Agree,1158.0,26851.0,644.0,90.0,28009,734
374,2,2020-11-14,DE,374,10.0,2,0.0,11/16/2020 12:00:00 AM,Agree,Agree,1168.0,27215.0,646.0,90.0,28383,736
405,0,2020-11-15,DE,405,3.0,0,0.0,11/17/2020 12:00:00 AM,Agree,Agree,1171.0,27617.0,646.0,90.0,28788,736
399,3,2020-11-16,DE,399,13.0,3,0.0,11/18/2020 12:00:00 AM,Agree,Agree,1184.0,28003.0,649.0,90.0,29187,739
363,3,2020-11-17,DE,363,5.0,3,0.0,11/19/2020 12:00:00 AM,Agree,Agree,1189.0,28361.0,652.0,90.0,29550,742
223,0,2020-11-18,DE,223,9.0,0,0.0,11/20/2020 12:00:00 AM,Agree,Agree,1198.0,28575.0,652.0,90.0,29773,742
393,0,2020-11-19,DE,393,7.0,0,0.0,11/21/2020 12:00:00 AM,Agree,Agree,1205.0,28961.0,652.0,90.0,30166,742
513,0,2020-11-21,DE,513,1.0,0,0.0,11/23/2020 12:00:00 AM,Agree,Agree,1215.0,30108.0,655.0,91.0,31323,746
488,2,2020-11-22,DE,488,7.0,2,0.0,11/24/2020 12:00:00 AM,Agree,Agree,1222.0,30589.0,657.0,91.0,31811,748
385,9,2020-11-23,DE,385,10.0,9,0.0,11/25/2020 12:00:00 AM,Agree,Agree,1232.0,30964.0,666.0,91.0,32196,757
450,0,2020-11-24,DE,450,11.0,0,0.0,11/26/2020 12:00:00 AM,Agree,Agree,1243.0,31403.0,666.0,91.0,32646,757
318,3,2020-11-25,DE,318,10.0,3,0.0,11/27/2020 12:00:00 AM,Agree,Agree,1253.0,31711.0,669.0,91.0,32964,760
586,1,2020-11-26,DE,586,13.0,1,0.0,11/28/2020 12:00:00 AM,Agree,Agree,1266.0,32284.0,670.0,91.0,33550,761
595,2,2020-11-29,DE,595,6.0,2,0.0,12/01/2020 12:00:00 AM,Agree,Agree,1291.0,33932.0,679.0,93.0,35223,772
684,0,2020-12-01,DE,684,10.0,0,0.0,12/03/2020 12:00:00 AM,Agree,Agree,1306.0,35019.0,683.0,94.0,36325,777
365,2,2020-12-02,DE,365,22.0,2,0.0,12/04/2020 12:00:00 AM,Agree,Agree,1328.0,35362.0,685.0,94.0,36690,779
787,0,2020-12-03,DE,787,9.0,0,0.0,12/05/2020 12:00:00 AM,Agree,Agree,1337.0,36140.0,685.0,94.0,37477,779
683,0,2020-12-05,DE,683,17.0,0,0.0,12/07/2020 12:00:00 AM,Agree,Agree,1361.0,37736.0,688.0,94.0,39097,782
824,0,2020-12-07,DE,824,4.0,0,0.0,12/09/2020 12:00:00 AM,Agree,Agree,1455.0,39266.0,698.0,95.0,40721,793
795,9,2020-12-11,DE,795,18.0,9,0.0,12/13/2020 12:00:00 AM,Agree,Agree,1553.0,42281.0,718.0,97.0,43834,815
612,1,2020-12-13,DE,612,22.0,1,0.0,12/15/2020 12:00:00 AM,Agree,Agree,1617.0,43914.0,719.0,97.0,45531,816
496,4,2020-12-20,DE,496,30.0,4,0.0,12/22/2020 12:00:00 AM,Agree,Agree,1801.0,49051.0,762.0,100.0,50852,862
472,9,2020-12-21,DE,472,14.0,9,0.0,12/23/2020 12:00:00 AM,Agree,Agree,1815.0,49509.0,771.0,100.0,51324,871
585,1,2020-12-22,DE,585,56.0,1,0.0,12/24/2020 12:00:00 AM,Agree,Agree,1871.0,50038.0,772.0,100.0,51909,872
615,0,2020-12-23,DE,615,87.0,0,0.0,12/25/2020 12:00:00 AM,Agree,Agree,1958.0,50566.0,772.0,100.0,52524,872
647,3,2020-12-25,DE,647,37.0,3,0.0,12/27/2020 12:00:00 AM,Agree,Agree,2033.0,51939.0,791.0,100.0,53972,891
820,4,2020-12-26,DE,820,19.0,4,0.0,12/28/2020 12:00:00 AM,Agree,Agree,2052.0,52740.0,795.0,100.0,54792,895
588,2,2020-12-27,DE,588,13.0,2,0.0,12/29/2020 12:00:00 AM,Agree,Agree,2065.0,53315.0,797.0,100.0,55380,897
473,1,2020-12-28,DE,473,18.0,1,0.0,12/30/2020 12:00:00 AM,Agree,Agree,2083.0,53770.0,798.0,100.0,55853,898
716,0,2020-12-29,DE,716,57.0,0,0.0,12/31/2020 12:00:00 AM,Agree,Agree,2140.0,54429.0,798.0,100.0,56569,898
622,0,2021-01-01,DE,622,49.0,0,0.0,01/03/2021 12:00:00 AM,Agree,Agree,2257.0,56233.0,828.0,102.0,58490,930
625,0,2021-01-03,DE,625,29.0,0,0.0,01/05/2021 12:00:00 AM,Agree,Agree,2337.0,57656.0,828.0,102.0,59993,930
789,10,2021-01-05,DE,789,41.0,10,0.0,01/07/2021 12:00:00 AM,Agree,Agree,2417.0,59265.0,844.0,103.0,61682,947
639,0,2021-01-06,DE,639,51.0,0,0.0,01/08/2021 12:00:00 AM,Agree,Agree,2468.0,59853.0,844.0,103.0,62321,947
819,3,2021-01-10,DE,819,57.0,3,0.0,01/12/2021 12:00:00 AM,Agree,Agree,2701.0,63227.0,869.0,103.0,65928,972
558,5,2021-01-12,DE,558,51.0,5,0.0,01/14/2021 12:00:00 AM,Agree,Agree,2766.0,64432.0,886.0,105.0,67198,991
741,3,2021-01-13,DE,741,59.0,3,0.0,01/15/2021 12:00:00 AM,Agree,Agree,2825.0,65114.0,889.0,105.0,67939,994
671,7,2021-01-15,DE,671,41.0,7,0.0,01/17/2021 12:00:00 AM,Agree,Agree,2922.0,66577.0,897.0,105.0,69499,1002
638,0,2021-01-18,DE,638,18.0,0,0.0,01/20/2021 12:00:00 AM,Agree,Agree,3057.0,68716.0,910.0,106.0,71773,1016
417,5,2021-01-19,DE,417,14.0,5,0.0,01/21/2021 12:00:00 AM,Agree,Agree,3071.0,69119.0,915.0,106.0,72190,1021
732,1,2021-01-21,DE,732,49.0,1,0.0,01/23/2021 12:00:00 AM,Agree,Agree,3145.0,70263.0,920.0,107.0,73408,1027
707,0,2021-01-22,DE,707,61.0,0,0.0,01/24/2021 12:00:00 AM,Agree,Agree,3206.0,70909.0,920.0,107.0,74115,1027
675,9,2021-01-23,DE,675,56.0,9,0.0,01/25/2021 12:00:00 AM,Agree,Agree,3262.0,71528.0,929.0,107.0,74790,1036
671,5,2021-01-24,DE,671,39.0,5,0.0,01/26/2021 12:00:00 AM,Agree,Agree,3301.0,72160.0,934.0,107.0,75461,1041
616,8,2021-01-25,DE,616,15.0,8,0.0,01/27/2021 12:00:00 AM,Agree,Agree,3316.0,72761.0,942.0,107.0,76077,1049
354,7,2021-01-27,DE,354,44.0,7,0.0,01/29/2021 12:00:00 AM,Agree,Agree,3396.0,73337.0,965.0,107.0,76733,1072
659,3,2021-01-28,DE,659,69.0,3,0.0,01/30/2021 12:00:00 AM,Agree,Agree,3465.0,73927.0,968.0,107.0,77392,1075
445,3,2021-01-29,DE,445,39.0,3,0.0,01/31/2021 12:00:00 AM,Agree,Agree,3504.0,74333.0,971.0,107.0,77837,1078
617,3,2021-01-30,DE,617,50.0,3,0.0,02/01/2021 12:00:00 AM,Agree,Agree,3554.0,74900.0,974.0,107.0,78454,1081
251,5,2021-02-04,DE,251,32.0,5,0.0,02/06/2021 12:00:00 AM,Agree,Agree,3728.0,76425.0,1022.0,113.0,80153,1135
362,0,2021-02-08,DE,362,35.0,0,0.0,02/10/2021 12:00:00 AM,Agree,Agree,3837.0,78106.0,1091.0,117.0,81943,1208
385,7,2021-02-12,DE,385,58.0,7,0.0,02/14/2021 12:00:00 AM,Agree,Agree,4008.0,79314.0,1148.0,121.0,83322,1269
344,1,2021-02-14,DE,344,38.0,1,0.0,02/16/2021 12:00:00 AM,Agree,Agree,4069.0,80024.0,1160.0,123.0,84093,1283
252,0,2021-02-15,DE,252,27.0,0,0.0,02/17/2021 12:00:00 AM,Agree,Agree,4096.0,80249.0,1160.0,123.0,84345,1283
141,8,2021-02-16,DE,141,14.0,8,0.0,02/18/2021 12:00:00 AM,Agree,Agree,4110.0,80376.0,1168.0,123.0,84486,1291
209,1,2021-02-21,DE,209,22.0,1,0.0,02/23/2021 12:00:00 AM,Agree,Agree,4237.0,81626.0,1236.0,131.0,85863,1367
346,1,2021-02-22,DE,346,34.0,1,0.0,02/24/2021 12:00:00 AM,Agree,Agree,4271.0,81938.0,1237.0,131.0,86209,1368
289,4,2021-02-25,DE,289,29.0,4,0.0,02/27/2021 12:00:00 AM,Agree,Agree,4328.0,82563.0,1273.0,133.0,86891,1406
431,0,2021-02-27,DE,431,13.0,0,0.0,03/01/2021 12:00:00 AM,Agree,Agree,4354.0,83277.0,1283.0,135.0,87631,1418
290,0,2021-03-01,DE,290,22.0,0,0.0,03/03/2021 12:00:00 AM,Agree,Agree,4393.0,83820.0,1286.0,136.0,88213,1422
136,4,2021-03-02,DE,136,16.0,4,0.0,03/04/2021 12:00:00 AM,Agree,Agree,4409.0,83940.0,1290.0,136.0,88349,1426
229,4,2021-03-04,DE,229,29.0,4,0.0,03/06/2021 12:00:00 AM,Agree,Agree,4459.0,84370.0,1308.0,136.0,88829,1444
219,9,2021-03-05,DE,219,6.0,9,0.0,03/07/2021 12:00:00 AM,Agree,Agree,4465.0,84583.0,1317.0,136.0,89048,1453
232,9,2021-03-07,DE,232,16.0,9,0.0,03/09/2021 12:00:00 AM,Agree,Agree,4508.0,85022.0,1337.0,136.0,89530,1473
206,2,2021-03-08,DE,206,28.0,2,0.0,03/10/2021 12:00:00 AM,Agree,Agree,4536.0,85200.0,1339.0,136.0,89736,1475
118,7,2021-03-09,DE,118,7.0,7,0.0,03/11/2021 12:00:00 AM,Agree,Agree,4543.0,85311.0,1346.0,136.0,89854,1482
205,2,2021-03-12,DE,205,30.0,2,0.0,03/14/2021 12:00:00 AM,Agree,Agree,4624.0,85816.0,1360.0,136.0,90440,1496
237,8,2021-03-13,DE,237,26.0,8,0.0,03/15/2021 12:00:00 AM,Agree,Agree,4650.0,86027.0,1368.0,136.0,90677,1504
193,3,2021-03-14,DE,193,26.0,3,0.0,03/16/2021 12:00:00 AM,Agree,Agree,4676.0,86194.0,1371.0,136.0,90870,1507
133,3,2021-03-16,DE,133,19.0,3,0.0,03/18/2021 12:00:00 AM,Agree,Agree,4715.0,86515.0,1377.0,137.0,91230,1514
130,2,2021-03-17,DE,130,27.0,2,0.0,03/19/2021 12:00:00 AM,Agree,Agree,4742.0,86618.0,1379.0,137.0,91360,1516
283,1,2021-03-18,DE,283,59.0,1,0.0,03/20/2021 12:00:00 AM,Agree,Agree,4801.0,86842.0,1380.0,137.0,91643,1517
201,5,2021-03-19,DE,201,6.0,5,0.0,03/21/2021 12:00:00 AM,Agree,Agree,4807.0,87037.0,1385.0,137.0,91844,1522
262,4,2021-03-20,DE,262,28.0,4,0.0,03/22/2021 12:00:00 AM,Agree,Agree,4835.0,87271.0,1389.0,137.0,92106,1526
333,3,2021-03-21,DE,333,52.0,3,0.0,03/23/2021 12:00:00 AM,Agree,Agree,4887.0,87552.0,1392.0,137.0,92439,1529
138,2,2021-03-22,DE,138,16.0,2,0.0,03/24/2021 12:00:00 AM,Agree,Agree,4903.0,87674.0,1394.0,137.0,92577,1531
197,0,2021-03-24,DE,197,34.0,0,0.0,03/26/2021 12:00:00 AM,Agree,Agree,4949.0,88006.0,1397.0,138.0,92955,1535
216,1,2021-03-25,DE,216,36.0,1,0.0,03/27/2021 12:00:00 AM,Agree,Agree,4985.0,88186.0,1398.0,138.0,93171,1536
302,0,2021-03-26,DE,302,40.0,0,0.0,03/28/2021 12:00:00 AM,Agree,Agree,5025.0,88448.0,1398.0,138.0,93473,1536
353,8,2021-03-27,DE,353,52.0,8,0.0,03/29/2021 12:00:00 AM,Agree,Agree,5077.0,88749.0,1406.0,138.0,93826,1544
352,0,2021-03-28,DE,352,66.0,0,0.0,03/30/2021 12:00:00 AM,Agree,Agree,5143.0,89035.0,1406.0,138.0,94178,1544
183,7,2021-03-30,DE,183,9.0,7,0.0,04/01/2021 12:00:00 AM,Agree,Agree,5182.0,89505.0,1420.0,139.0,94687,1559
253,0,2021-03-31,DE,253,53.0,0,0.0,04/02/2021 12:00:00 AM,Agree,Agree,5235.0,89705.0,1420.0,139.0,94940,1559
385,0,2021-04-01,DE,385,49.0,0,0.0,04/03/2021 12:00:00 AM,Agree,Agree,5284.0,90041.0,1420.0,139.0,95325,1559
375,6,2021-04-02,DE,375,36.0,6,0.0,04/04/2021 12:00:00 AM,Agree,Agree,5320.0,90380.0,1426.0,139.0,95700,1565
477,0,2021-04-03,DE,477,75.0,0,0.0,04/05/2021 12:00:00 AM,Agree,Agree,5395.0,90782.0,1426.0,139.0,96177,1565
294,1,2021-04-04,DE,294,46.0,1,0.0,04/06/2021 12:00:00 AM,Agree,Agree,5441.0,91030.0,1427.0,139.0,96471,1566
210,0,2021-04-05,DE,210,45.0,0,0.0,04/07/2021 12:00:00 AM,Agree,Agree,5486.0,91195.0,1427.0,139.0,96681,1566
230,1,2021-04-06,DE,230,24.0,1,0.0,04/08/2021 12:00:00 AM,Agree,Agree,5510.0,91401.0,1428.0,139.0,96911,1567
232,0,2021-04-07,DE,232,30.0,0,0.0,04/09/2021 12:00:00 AM,Agree,Agree,5540.0,91603.0,1428.0,139.0,97143,1567
320,1,2021-04-08,DE,320,63.0,1,0.0,04/10/2021 12:00:00 AM,Agree,Agree,5603.0,91860.0,1429.0,139.0,97463,1568
377,5,2021-04-09,DE,377,60.0,5,0.0,04/11/2021 12:00:00 AM,Agree,Agree,5663.0,92177.0,1434.0,139.0,97840,1573
419,4,2021-04-10,DE,419,65.0,4,0.0,04/12/2021 12:00:00 AM,Agree,Agree,5728.0,92531.0,1438.0,139.0,98259,1577
344,1,2021-04-11,DE,344,45.0,1,0.0,04/13/2021 12:00:00 AM,Agree,Agree,5773.0,92830.0,1439.0,139.0,98603,1578
339,3,2021-04-12,DE,339,53.0,3,0.0,04/14/2021 12:00:00 AM,Agree,Agree,5826.0,93116.0,1442.0,139.0,98942,1581
202,6,2021-04-13,DE,202,53.0,6,0.0,04/15/2021 12:00:00 AM,Agree,Agree,5879.0,93265.0,1448.0,139.0,99144,1587
392,4,2021-04-15,DE,392,55.0,4,0.0,04/17/2021 12:00:00 AM,Agree,Agree,6003.0,93898.0,1455.0,140.0,99901,1595
399,1,2021-04-16,DE,399,56.0,1,0.0,04/18/2021 12:00:00 AM,Agree,Agree,6059.0,94241.0,1456.0,140.0,100300,1596
373,0,2021-04-18,DE,373,57.0,0,0.0,04/20/2021 12:00:00 AM,Agree,Agree,6171.0,94939.0,1461.0,141.0,101110,1602
400,0,2021-04-19,DE,400,36.0,0,0.0,04/21/2021 12:00:00 AM,Agree,Agree,6207.0,95303.0,1461.0,141.0,101510,1602
163,1,2021-04-20,DE,163,15.0,1,0.0,04/22/2021 12:00:00 AM,Agree,Agree,6222.0,95451.0,1462.0,141.0,101673,1603
289,0,2021-04-21,DE,289,28.0,0,0.0,04/23/2021 12:00:00 AM,Agree,Agree,6250.0,95712.0,1462.0,141.0,101962,1603
281,1,2021-04-22,DE,281,47.0,1,0.0,04/24/2021 12:00:00 AM,Agree,Agree,6297.0,95946.0,1463.0,141.0,102243,1604
331,5,2021-04-23,DE,331,31.0,5,0.0,04/25/2021 12:00:00 AM,Agree,Agree,6328.0,96246.0,1468.0,141.0,102574,1609
330,6,2021-04-24,DE,330,53.0,6,0.0,04/26/2021 12:00:00 AM,Agree,Agree,6381.0,96523.0,1474.0,141.0,102904,1615
283,1,2021-04-25,DE,283,43.0,1,0.0,04/27/2021 12:00:00 AM,Agree,Agree,6424.0,96763.0,1475.0,141.0,103187,1616
239,1,2021-04-26,DE,239,22.0,1,0.0,04/28/2021 12:00:00 AM,Agree,Agree,6446.0,96980.0,1476.0,141.0,103426,1617
141,0,2021-04-27,DE,141,21.0,0,0.0,04/29/2021 12:00:00 AM,Agree,Agree,6467.0,97100.0,1476.0,141.0,103567,1617
225,5,2021-04-28,DE,225,27.0,5,0.0,04/30/2021 12:00:00 AM,Agree,Agree,6494.0,97298.0,1481.0,141.0,103792,1622
191,2,2021-04-29,DE,191,25.0,2,0.0,05/01/2021 12:00:00 AM,Agree,Agree,6519.0,97464.0,1483.0,141.0,103983,1624
343,1,2021-04-30,DE,343,62.0,1,0.0,05/02/2021 12:00:00 AM,Agree,Agree,6581.0,97745.0,1484.0,141.0,104326,1625
217,1,2021-05-01,DE,217,16.0,1,0.0,05/03/2021 12:00:00 AM,Agree,Agree,6597.0,97946.0,1485.0,141.0,104543,1626
280,0,2021-05-02,DE,280,34.0,0,0.0,05/04/2021 12:00:00 AM,Agree,Agree,6631.0,98192.0,1485.0,141.0,104823,1626
156,0,2021-05-03,DE,156,19.0,0,0.0,05/05/2021 12:00:00 AM,Agree,Agree,6650.0,98329.0,1485.0,141.0,104979,1626
137,0,2021-05-04,DE,137,10.0,0,0.0,05/06/2021 12:00:00 AM,Agree,Agree,6660.0,98456.0,1485.0,141.0,105116,1626
188,2,2021-05-05,DE,188,33.0,2,0.0,05/07/2021 12:00:00 AM,Agree,Agree,6693.0,98611.0,1487.0,141.0,105304,1628
166,1,2021-05-06,DE,166,31.0,1,0.0,05/08/2021 12:00:00 AM,Agree,Agree,6724.0,98746.0,1488.0,141.0,105470,1629
199,0,2021-05-07,DE,199,30.0,0,0.0,05/09/2021 12:00:00 AM,Agree,Agree,6754.0,98915.0,1488.0,141.0,105669,1629
169,7,2021-05-08,DE,169,8.0,7,0.0,05/10/2021 12:00:00 AM,Agree,Agree,6762.0,99076.0,1495.0,141.0,105838,1636
207,0,2021-05-09,DE,207,19.0,0,0.0,05/11/2021 12:00:00 AM,Agree,Agree,6781.0,99264.0,1495.0,141.0,106045,1636
91,3,2021-05-11,DE,91,12.0,3,0.0,05/13/2021 12:00:00 AM,Agree,Agree,6814.0,99421.0,1502.0,142.0,106235,1644
107,0,2021-05-12,DE,107,14.0,0,0.0,05/14/2021 12:00:00 AM,Agree,Agree,6828.0,99514.0,1502.0,142.0,106342,1644
130,4,2021-05-13,DE,130,26.0,4,0.0,05/15/2021 12:00:00 AM,Agree,Agree,6854.0,99618.0,1506.0,142.0,106472,1648
131,3,2021-05-14,DE,131,6.0,3,0.0,05/16/2021 12:00:00 AM,Agree,Agree,6860.0,99743.0,1509.0,142.0,106603,1651
161,0,2021-05-15,DE,161,8.0,0,0.0,05/17/2021 12:00:00 AM,Agree,Agree,6868.0,99896.0,1509.0,142.0,106764,1651
124,0,2021-05-16,DE,124,9.0,0,0.0,05/18/2021 12:00:00 AM,Agree,Agree,6877.0,100011.0,1509.0,142.0,106888,1651
82,0,2021-05-17,DE,82,4.0,0,0.0,05/19/2021 12:00:00 AM,Agree,Agree,6881.0,100089.0,1509.0,142.0,106970,1651
88,0,2021-05-18,DE,88,2.0,0,0.0,05/20/2021 12:00:00 AM,Agree,Agree,6883.0,100175.0,1509.0,142.0,107058,1651
94,1,2021-05-19,DE,94,9.0,1,0.0,05/21/2021 12:00:00 AM,Agree,Agree,6892.0,100260.0,1510.0,142.0,107152,1652
95,0,2021-05-20,DE,95,11.0,0,0.0,05/22/2021 12:00:00 AM,Agree,Agree,6903.0,100344.0,1510.0,142.0,107247,1652
137,2,2021-05-21,DE,137,20.0,2,0.0,05/23/2021 12:00:00 AM,Agree,Agree,6923.0,100461.0,1512.0,142.0,107384,1654
111,5,2021-05-22,DE,111,17.0,5,0.0,05/24/2021 12:00:00 AM,Agree,Agree,6940.0,100555.0,1517.0,142.0,107495,1659
83,0,2021-05-23,DE,83,5.0,0,0.0,05/25/2021 12:00:00 AM,Agree,Agree,6945.0,100633.0,1517.0,142.0,107578,1659
48,0,2021-05-24,DE,48,5.0,0,0.0,05/26/2021 12:00:00 AM,Agree,Agree,6950.0,100676.0,1517.0,142.0,107626,1659
74,0,2021-05-25,DE,74,6.0,0,0.0,05/27/2021 12:00:00 AM,Agree,Agree,6956.0,100744.0,1517.0,142.0,107700,1659
53,1,2021-05-26,DE,53,9.0,1,0.0,05/28/2021 12:00:00 AM,Agree,Agree,6965.0,100788.0,1518.0,142.0,107753,1660
74,0,2021-05-27,DE,74,17.0,0,0.0,05/29/2021 12:00:00 AM,Agree,Agree,6982.0,100845.0,1518.0,142.0,107827,1660
70,0,2021-05-28,DE,70,13.0,0,0.0,05/30/2021 12:00:00 AM,Agree,Agree,6995.0,100902.0,1518.0,142.0,107897,1660
100,1,2021-05-29,DE,100,13.0,1,0.0,05/31/2021 12:00:00 AM,Agree,Agree,7008.0,100989.0,1519.0,142.0,107997,1661
46,0,2021-05-30,DE,46,7.0,0,0.0,06/01/2021 12:00:00 AM,Agree,Agree,7015.0,101028.0,1519.0,142.0,108043,1661
47,0,2021-05-31,DE,47,5.0,0,0.0,06/02/2021 12:00:00 AM,Agree,Agree,7020.0,101070.0,1519.0,142.0,108090,1661
27,0,2021-06-01,DE,27,2.0,0,0.0,06/03/2021 12:00:00 AM,Agree,Agree,7022.0,101095.0,1519.0,142.0,108117,1661
16,5,2021-06-02,DE,16,6.0,5,0.0,06/04/2021 12:00:00 AM,Agree,Agree,7028.0,101105.0,1524.0,142.0,108133,1666
42,6,2021-06-04,DE,42,7.0,6,0.0,06/06/2021 12:00:00 AM,Agree,Agree,7042.0,101180.0,1531.0,143.0,108222,1674
59,3,2021-06-05,DE,59,6.0,3,0.0,06/07/2021 12:00:00 AM,Agree,Agree,7048.0,101233.0,1534.0,143.0,108281,1677
57,0,2021-06-06,DE,57,11.0,0,0.0,06/08/2021 12:00:00 AM,Agree,Agree,7059.0,101279.0,1534.0,143.0,108338,1677
42,0,2021-06-07,DE,42,5.0,0,0.0,06/09/2021 12:00:00 AM,Agree,Agree,7064.0,101316.0,1534.0,143.0,108380,1677
21,0,2021-06-08,DE,21,3.0,0,0.0,06/10/2021 12:00:00 AM,Agree,Agree,7067.0,101334.0,1534.0,143.0,108401,1677
36,0,2021-06-09,DE,36,7.0,0,0.0,06/11/2021 12:00:00 AM,Agree,Agree,7074.0,101363.0,1534.0,143.0,108437,1677
30,2,2021-06-10,DE,30,6.0,2,0.0,06/12/2021 12:00:00 AM,Agree,Agree,7080.0,101387.0,1536.0,143.0,108467,1679
38,0,2021-06-11,DE,38,5.0,0,0.0,06/13/2021 12:00:00 AM,Agree,Agree,7085.0,101420.0,1536.0,143.0,108505,1679
31,0,2021-06-12,DE,31,8.0,0,0.0,06/14/2021 12:00:00 AM,Agree,Agree,7093.0,101443.0,1536.0,143.0,108536,1679
33,0,2021-06-13,DE,33,5.0,0,0.0,06/15/2021 12:00:00 AM,Agree,Agree,7098.0,101471.0,1536.0,143.0,108569,1679
19,0,2021-06-14,DE,19,1.0,0,0.0,06/16/2021 12:00:00 AM,Agree,Agree,7099.0,101489.0,1536.0,143.0,108588,1679
11,0,2021-06-15,DE,11,4.0,0,0.0,06/17/2021 12:00:00 AM,Agree,Agree,7103.0,101496.0,1536.0,143.0,108599,1679
32,0,2021-06-16,DE,32,3.0,0,0.0,06/18/2021 12:00:00 AM,Agree,Agree,7106.0,101525.0,1536.0,143.0,108631,1679
54,0,2021-06-17,DE,54,14.0,0,0.0,06/19/2021 12:00:00 AM,Agree,Agree,7120.0,101565.0,1536.0,143.0,108685,1679
29,0,2021-06-19,DE,29,5.0,0,0.0,06/21/2021 12:00:00 AM,Agree,Agree,7129.0,101611.0,1539.0,144.0,108740,1683
22,0,2021-06-20,DE,22,2.0,0,0.0,06/22/2021 12:00:00 AM,Agree,Agree,7131.0,101631.0,1539.0,144.0,108762,1683
15,0,2021-06-21,DE,15,0.0,0,0.0,06/23/2021 12:00:00 AM,Agree,Agree,7131.0,101646.0,1539.0,144.0,108777,1683
14,8,2021-06-22,DE,14,0.0,8,0.0,06/24/2021 12:00:00 AM,Agree,Agree,7131.0,101660.0,1547.0,144.0,108791,1691
21,0,2021-06-24,DE,21,4.0,0,0.0,06/26/2021 12:00:00 AM,Agree,Agree,7136.0,101702.0,1548.0,145.0,108838,1693
18,0,2021-06-25,DE,18,5.0,0,0.0,06/27/2021 12:00:00 AM,Agree,Agree,7141.0,101715.0,1548.0,145.0,108856,1693
19,1,2021-06-26,DE,19,2.0,1,0.0,06/28/2021 12:00:00 AM,Agree,Agree,7143.0,101732.0,1549.0,145.0,108875,1694
24,0,2021-06-27,DE,24,6.0,0,0.0,06/29/2021 12:00:00 AM,Agree,Agree,7149.0,101750.0,1549.0,145.0,108899,1694
19,0,2021-06-28,DE,19,0.0,0,0.0,06/30/2021 12:00:00 AM,Agree,Agree,7149.0,101769.0,1549.0,145.0,108918,1694
11,0,2021-06-29,DE,11,0.0,0,0.0,07/01/2021 12:00:00 AM,Agree,Agree,7149.0,101780.0,1549.0,145.0,108929,1694
32,0,2021-06-30,DE,32,1.0,0,0.0,07/02/2021 12:00:00 AM,Agree,Agree,7150.0,101811.0,1549.0,145.0,108961,1694
24,0,2021-07-01,DE,24,4.0,0,0.0,07/03/2021 12:00:00 AM,Agree,Agree,7154.0,101831.0,1549.0,145.0,108985,1694
49,1,2021-07-02,DE,49,5.0,1,0.0,07/04/2021 12:00:00 AM,Agree,Agree,7159.0,101875.0,1550.0,145.0,109034,1695
28,0,2021-07-03,DE,28,4.0,0,0.0,07/05/2021 12:00:00 AM,Agree,Agree,7163.0,101899.0,1550.0,145.0,109062,1695
28,0,2021-07-04,DE,28,6.0,0,0.0,07/06/2021 12:00:00 AM,Agree,Agree,7169.0,101921.0,1550.0,145.0,109090,1695
17,0,2021-07-05,DE,17,1.0,0,0.0,07/07/2021 12:00:00 AM,Agree,Agree,7170.0,101937.0,1550.0,145.0,109107,1695
12,0,2021-07-06,DE,12,5.0,0,0.0,07/08/2021 12:00:00 AM,Agree,Agree,7175.0,101944.0,1550.0,145.0,109119,1695
12,0,2021-07-07,DE,12,2.0,0,0.0,07/09/2021 12:00:00 AM,Agree,Agree,7177.0,101954.0,1550.0,145.0,109131,1695
20,0,2021-07-08,DE,20,3.0,0,0.0,07/10/2021 12:00:00 AM,Agree,Agree,7180.0,101971.0,1550.0,145.0,109151,1695
52,0,2021-07-09,DE,52,5.0,0,0.0,07/11/2021 12:00:00 AM,Agree,Agree,7185.0,102018.0,1550.0,145.0,109203,1695
29,0,2021-07-10,DE,29,5.0,0,0.0,07/12/2021 12:00:00 AM,Agree,Agree,7190.0,102042.0,1550.0,145.0,109232,1695
54,0,2021-07-11,DE,54,10.0,0,0.0,07/13/2021 12:00:00 AM,Agree,Agree,7200.0,102086.0,1550.0,145.0,109286,1695
22,0,2021-07-12,DE,22,2.0,0,0.0,07/14/2021 12:00:00 AM,Agree,Agree,7202.0,102106.0,1550.0,145.0,109308,1695
17,0,2021-07-13,DE,17,1.0,0,0.0,07/15/2021 12:00:00 AM,Agree,Agree,7203.0,102122.0,1550.0,145.0,109325,1695
49,0,2021-07-15,DE,49,7.0,0,0.0,07/17/2021 12:00:00 AM,Agree,Agree,7218.0,102214.0,1550.0,146.0,109432,1696
40,1,2021-07-16,DE,40,14.0,1,0.0,07/18/2021 12:00:00 AM,Agree,Agree,7232.0,102240.0,1551.0,146.0,109472,1697
62,0,2021-07-17,DE,62,8.0,0,0.0,07/19/2021 12:00:00 AM,Agree,Agree,7240.0,102294.0,1551.0,146.0,109534,1697
45,0,2021-07-18,DE,45,4.0,0,0.0,07/20/2021 12:00:00 AM,Agree,Agree,7244.0,102335.0,1551.0,146.0,109579,1697
39,0,2021-07-19,DE,39,2.0,0,0.0,07/21/2021 12:00:00 AM,Agree,Agree,7246.0,102372.0,1551.0,146.0,109618,1697
37,0,2021-07-20,DE,37,1.0,0,0.0,07/22/2021 12:00:00 AM,Agree,Agree,7247.0,102408.0,1551.0,146.0,109655,1697
46,0,2021-07-21,DE,46,3.0,0,0.0,07/23/2021 12:00:00 AM,Agree,Agree,7250.0,102451.0,1551.0,146.0,109701,1697
61,0,2021-07-22,DE,61,7.0,0,0.0,07/24/2021 12:00:00 AM,Agree,Agree,7257.0,102505.0,1551.0,146.0,109762,1697
57,1,2021-07-23,DE,57,14.0,1,0.0,07/25/2021 12:00:00 AM,Agree,Agree,7271.0,102548.0,1552.0,146.0,109819,1698
85,0,2021-07-24,DE,85,16.0,0,0.0,07/26/2021 12:00:00 AM,Agree,Agree,7287.0,102617.0,1552.0,146.0,109904,1698
71,0,2021-07-25,DE,71,11.0,0,0.0,07/27/2021 12:00:00 AM,Agree,Agree,7298.0,102677.0,1552.0,146.0,109975,1698
66,0,2021-07-26,DE,66,1.0,0,0.0,07/28/2021 12:00:00 AM,Agree,Agree,7299.0,102742.0,1552.0,146.0,110041,1698
67,0,2021-07-27,DE,67,18.0,0,0.0,07/29/2021 12:00:00 AM,Agree,Agree,7317.0,102791.0,1552.0,146.0,110108,1698
64,0,2021-07-28,DE,64,11.0,0,0.0,07/30/2021 12:00:00 AM,Agree,Agree,7328.0,102844.0,1552.0,146.0,110172,1698
107,2,2021-07-29,DE,107,13.0,2,0.0,07/31/2021 12:00:00 AM,Agree,Agree,7341.0,102938.0,1554.0,146.0,110279,1700
149,0,2021-08-01,DE,149,33.0,0,0.0,08/03/2021 12:00:00 AM,Agree,Agree,7422.0,103282.0,1676.0,157.0,110704,1833
118,0,2021-08-02,DE,118,8.0,0,0.0,08/04/2021 12:00:00 AM,Agree,Agree,7430.0,103392.0,1676.0,157.0,110822,1833
80,0,2021-08-03,DE,80,10.0,0,0.0,08/05/2021 12:00:00 AM,Agree,Agree,7440.0,103462.0,1676.0,157.0,110902,1833
117,0,2021-08-04,DE,117,32.0,0,0.0,08/06/2021 12:00:00 AM,Agree,Agree,7472.0,103547.0,1676.0,157.0,111019,1833
182,0,2021-08-05,DE,182,13.0,0,0.0,08/07/2021 12:00:00 AM,Agree,Agree,7485.0,103716.0,1676.0,157.0,111201,1833
214,0,2021-08-06,DE,214,18.0,0,0.0,08/08/2021 12:00:00 AM,Agree,Agree,7503.0,103912.0,1676.0,157.0,111415,1833
243,2,2021-08-07,DE,243,43.0,2,0.0,08/09/2021 12:00:00 AM,Agree,Agree,7546.0,104112.0,1678.0,157.0,111658,1835
216,0,2021-08-08,DE,216,23.0,0,0.0,08/10/2021 12:00:00 AM,Agree,Agree,7569.0,104305.0,1678.0,157.0,111874,1835
207,0,2021-08-09,DE,207,19.0,0,0.0,08/11/2021 12:00:00 AM,Agree,Agree,7588.0,104493.0,1678.0,157.0,112081,1835
127,1,2021-08-10,DE,127,22.0,1,0.0,08/12/2021 12:00:00 AM,Agree,Agree,7610.0,104598.0,1679.0,157.0,112208,1836
145,0,2021-08-11,DE,145,33.0,0,0.0,08/13/2021 12:00:00 AM,Agree,Agree,7643.0,104710.0,1679.0,157.0,112353,1836
326,1,2021-08-12,DE,326,61.0,1,0.0,08/14/2021 12:00:00 AM,Agree,Agree,7704.0,104975.0,1680.0,157.0,112679,1837
264,0,2021-08-13,DE,264,42.0,0,0.0,08/15/2021 12:00:00 AM,Agree,Agree,7746.0,105197.0,1680.0,157.0,112943,1837
353,1,2021-08-14,DE,353,31.0,1,0.0,08/16/2021 12:00:00 AM,Agree,Agree,7777.0,105519.0,1681.0,157.0,113296,1838
304,0,2021-08-15,DE,304,23.0,0,0.0,08/17/2021 12:00:00 AM,Agree,Agree,7800.0,105800.0,1681.0,157.0,113600,1838
282,0,2021-08-16,DE,282,31.0,0,0.0,08/18/2021 12:00:00 AM,Agree,Agree,7831.0,106051.0,1681.0,157.0,113882,1838
150,2,2021-08-17,DE,150,44.0,2,0.0,08/19/2021 12:00:00 AM,Agree,Agree,7875.0,106157.0,1683.0,157.0,114032,1840
329,9,2021-08-18,DE,329,60.0,9,0.0,08/20/2021 12:00:00 AM,Agree,Agree,7935.0,106426.0,1692.0,157.0,114361,1849
426,2,2021-08-19,DE,426,74.0,2,0.0,08/21/2021 12:00:00 AM,Agree,Agree,8009.0,106778.0,1694.0,157.0,114787,1851
392,0,2021-08-20,DE,392,48.0,0,0.0,08/22/2021 12:00:00 AM,Agree,Agree,8057.0,107122.0,1694.0,157.0,115179,1851
365,3,2021-08-21,DE,365,40.0,3,0.0,08/23/2021 12:00:00 AM,Agree,Agree,8097.0,107447.0,1697.0,157.0,115544,1854
303,0,2021-08-22,DE,303,29.0,0,0.0,08/24/2021 12:00:00 AM,Agree,Agree,8126.0,107721.0,1697.0,157.0,115847,1854
282,0,2021-08-23,DE,282,32.0,0,0.0,08/25/2021 12:00:00 AM,Agree,Agree,8158.0,107971.0,1697.0,157.0,116129,1854
195,3,2021-08-24,DE,195,31.0,3,0.0,08/26/2021 12:00:00 AM,Agree,Agree,8189.0,108135.0,1700.0,157.0,116324,1857
423,3,2021-08-26,DE,423,59.0,3,0.0,08/28/2021 12:00:00 AM,Agree,Agree,8318.0,108763.0,1714.0,158.0,117081,1872
523,3,2021-08-27,DE,523,73.0,3,0.0,08/29/2021 12:00:00 AM,Agree,Agree,8391.0,109213.0,1717.0,158.0,117604,1875
393,2,2021-08-28,DE,393,48.0,2,0.0,08/30/2021 12:00:00 AM,Agree,Agree,8439.0,109558.0,1719.0,158.0,117997,1877
300,0,2021-08-29,DE,300,39.0,0,0.0,08/31/2021 12:00:00 AM,Agree,Agree,8478.0,109819.0,1719.0,158.0,118297,1877
390,0,2021-08-30,DE,390,75.0,0,0.0,09/01/2021 12:00:00 AM,Agree,Agree,8553.0,110134.0,1719.0,158.0,118687,1877
332,7,2021-09-01,DE,332,61.0,7,0.0,09/03/2021 12:00:00 AM,Agree,Agree,8673.0,110577.0,1728.0,159.0,119250,1887
531,1,2021-09-02,DE,531,75.0,1,0.0,09/04/2021 12:00:00 AM,Agree,Agree,8748.0,111033.0,1729.0,159.0,119781,1888
543,0,2021-09-03,DE,543,77.0,0,0.0,09/05/2021 12:00:00 AM,Agree,Agree,8825.0,111499.0,1729.0,159.0,120324,1888
378,0,2021-09-05,DE,378,36.0,0,0.0,09/07/2021 12:00:00 AM,Agree,Agree,8937.0,112208.0,1731.0,160.0,121145,1891
273,0,2021-09-06,DE,273,31.0,0,0.0,09/08/2021 12:00:00 AM,Agree,Agree,8968.0,112450.0,1731.0,160.0,121418,1891
362,0,2021-09-07,DE,362,38.0,0,0.0,09/09/2021 12:00:00 AM,Agree,Agree,9006.0,112774.0,1731.0,160.0,121780,1891
241,3,2021-09-08,DE,241,15.0,3,0.0,09/10/2021 12:00:00 AM,Agree,Agree,9021.0,113000.0,1734.0,160.0,122021,1894
349,6,2021-09-09,DE,349,52.0,6,0.0,09/11/2021 12:00:00 AM,Agree,Agree,9073.0,113297.0,1740.0,160.0,122370,1900
623,0,2021-09-11,DE,623,78.0,0,0.0,09/13/2021 12:00:00 AM,Agree,Agree,9242.0,114381.0,1740.0,160.0,123623,1900
538,0,2021-09-12,DE,538,68.0,0,0.0,09/14/2021 12:00:00 AM,Agree,Agree,9310.0,114851.0,1740.0,160.0,124161,1900
437,0,2021-09-13,DE,437,75.0,0,0.0,09/15/2021 12:00:00 AM,Agree,Agree,9385.0,115213.0,1740.0,160.0,124598,1900
276,2,2021-09-14,DE,276,31.0,2,0.0,09/16/2021 12:00:00 AM,Agree,Agree,9416.0,115458.0,1742.0,160.0,124874,1902
549,2,2021-09-16,DE,549,68.0,2,0.0,09/18/2021 12:00:00 AM,Agree,Agree,9528.0,116140.0,1749.0,164.0,125668,1913
605,0,2021-09-17,DE,605,68.0,0,0.0,09/19/2021 12:00:00 AM,Agree,Agree,9596.0,116677.0,1749.0,164.0,126273,1913
581,7,2021-09-18,DE,581,60.0,7,0.0,09/20/2021 12:00:00 AM,Agree,Agree,9656.0,117198.0,1756.0,164.0,126854,1920
458,0,2021-09-19,DE,458,37.0,0,0.0,09/21/2021 12:00:00 AM,Agree,Agree,9693.0,117619.0,1756.0,164.0,127312,1920
447,0,2021-09-20,DE,447,56.0,0,0.0,09/22/2021 12:00:00 AM,Agree,Agree,9749.0,118010.0,1756.0,164.0,127759,1920
273,7,2021-09-21,DE,273,24.0,7,0.0,09/23/2021 12:00:00 AM,Agree,Agree,9773.0,118259.0,1763.0,164.0,128032,1927
269,2,2021-09-22,DE,269,31.0,2,0.0,09/24/2021 12:00:00 AM,Agree,Agree,9804.0,118497.0,1765.0,164.0,128301,1929
559,0,2021-09-24,DE,559,70.0,0,0.0,09/26/2021 12:00:00 AM,Agree,Agree,9953.0,119526.0,1777.0,165.0,129479,1942
594,0,2021-09-25,DE,594,38.0,0,0.0,09/27/2021 12:00:00 AM,Agree,Agree,9991.0,120082.0,1777.0,165.0,130073,1942
373,0,2021-09-26,DE,373,73.0,0,0.0,09/28/2021 12:00:00 AM,Agree,Agree,10064.0,120382.0,1777.0,165.0,130446,1942
396,0,2021-09-27,DE,396,36.0,0,0.0,09/29/2021 12:00:00 AM,Agree,Agree,10100.0,120742.0,1777.0,165.0,130842,1942
290,3,2021-09-29,DE,290,27.0,3,0.0,10/01/2021 12:00:00 AM,Agree,Agree,10171.0,121245.0,1787.0,166.0,131416,1953
512,1,2021-09-30,DE,512,72.0,1,0.0,10/02/2021 12:00:00 AM,Agree,Agree,10243.0,121685.0,1788.0,166.0,131928,1954
630,0,2021-10-01,DE,630,79.0,0,0.0,10/03/2021 12:00:00 AM,Agree,Agree,10322.0,122236.0,1788.0,166.0,132558,1954
403,0,2021-10-03,DE,403,61.0,0,0.0,10/05/2021 12:00:00 AM,Agree,Agree,10421.0,123174.0,1805.0,167.0,133595,1972
381,0,2021-10-04,DE,381,53.0,0,0.0,10/06/2021 12:00:00 AM,Agree,Agree,10474.0,123502.0,1805.0,167.0,133976,1972
270,3,2021-10-05,DE,270,23.0,3,0.0,10/07/2021 12:00:00 AM,Agree,Agree,10497.0,123749.0,1808.0,167.0,134246,1975
444,2,2021-10-06,DE,444,45.0,2,0.0,10/08/2021 12:00:00 AM,Agree,Agree,10542.0,124148.0,1810.0,167.0,134690,1977
471,0,2021-10-07,DE,471,34.0,0,0.0,10/09/2021 12:00:00 AM,Agree,Agree,10576.0,124585.0,1810.0,167.0,135161,1977
609,0,2021-10-09,DE,609,48.0,0,0.0,10/11/2021 12:00:00 AM,Agree,Agree,10706.0,125563.0,1830.0,167.0,136269,1997
320,0,2021-10-10,DE,320,42.0,0,0.0,10/12/2021 12:00:00 AM,Agree,Agree,10748.0,125841.0,1830.0,167.0,136589,1997
366,0,2021-10-11,DE,366,21.0,0,0.0,10/13/2021 12:00:00 AM,Agree,Agree,10769.0,126186.0,1830.0,167.0,136955,1997
170,8,2021-10-12,DE,170,14.0,8,0.0,10/14/2021 12:00:00 AM,Agree,Agree,10783.0,126342.0,1838.0,167.0,137125,2005
320,0,2021-10-13,DE,320,41.0,0,0.0,10/15/2021 12:00:00 AM,Agree,Agree,10824.0,126621.0,1838.0,167.0,137445,2005
510,0,2021-10-14,DE,510,84.0,0,0.0,10/16/2021 12:00:00 AM,Agree,Agree,10908.0,127047.0,1838.0,167.0,137955,2005
247,0,2021-10-17,DE,247,28.0,0,0.0,10/19/2021 12:00:00 AM,Agree,Agree,11038.0,128121.0,1864.0,168.0,139159,2032
314,0,2021-10-18,DE,314,58.0,0,0.0,10/20/2021 12:00:00 AM,Agree,Agree,11096.0,128377.0,1864.0,168.0,139473,2032
198,5,2021-10-19,DE,198,28.0,5,0.0,10/21/2021 12:00:00 AM,Agree,Agree,11124.0,128547.0,1869.0,168.0,139671,2037
289,4,2021-10-20,DE,289,26.0,4,0.0,10/22/2021 12:00:00 AM,Agree,Agree,11150.0,128810.0,1873.0,168.0,139960,2041
375,4,2021-10-21,DE,375,39.0,4,0.0,10/23/2021 12:00:00 AM,Agree,Agree,11189.0,129146.0,1877.0,168.0,140335,2045
400,0,2021-10-22,DE,400,44.0,0,0.0,10/24/2021 12:00:00 AM,Agree,Agree,11233.0,129502.0,1877.0,168.0,140735,2045
299,0,2021-10-24,DE,299,44.0,0,0.0,10/26/2021 12:00:00 AM,Agree,Agree,11316.0,130061.0,1895.0,169.0,141377,2064
249,0,2021-10-25,DE,249,32.0,0,0.0,10/27/2021 12:00:00 AM,Agree,Agree,11348.0,130278.0,1895.0,169.0,141626,2064
100,4,2021-10-26,DE,100,18.0,4,0.0,10/28/2021 12:00:00 AM,Agree,Agree,11366.0,130360.0,1899.0,169.0,141726,2068
255,1,2021-10-27,DE,255,28.0,1,0.0,10/29/2021 12:00:00 AM,Agree,Agree,11394.0,130587.0,1900.0,169.0,141981,2069
320,4,2021-10-28,DE,320,31.0,4,0.0,10/30/2021 12:00:00 AM,Agree,Agree,11425.0,130876.0,1904.0,169.0,142301,2073
380,2,2021-10-30,DE,380,54.0,2,0.0,11/01/2021 12:00:00 AM,Agree,Agree,11509.0,131462.0,1918.0,173.0,142971,2091
255,0,2021-10-31,DE,255,34.0,0,0.0,11/02/2021 12:00:00 AM,Agree,Agree,11543.0,131683.0,1918.0,173.0,143226,2091
193,0,2021-11-01,DE,193,30.0,0,0.0,11/03/2021 12:00:00 AM,Agree,Agree,11573.0,131846.0,1918.0,173.0,143419,2091
90,4,2021-11-02,DE,90,9.0,4,0.0,11/04/2021 12:00:00 AM,Agree,Agree,11582.0,131927.0,1922.0,173.0,143509,2095
279,5,2021-11-04,DE,279,31.0,5,0.0,11/06/2021 12:00:00 AM,Agree,Agree,11633.0,132421.0,1927.0,174.0,144054,2101
277,4,2021-11-06,DE,277,33.0,4,0.0,11/08/2021 12:00:00 AM,Agree,Agree,11711.0,132889.0,1941.0,178.0,144600,2119
298,0,2021-11-07,DE,298,32.0,0,0.0,11/09/2021 12:00:00 AM,Agree,Agree,11743.0,133155.0,1941.0,178.0,144898,2119
231,0,2021-11-08,DE,231,30.0,0,0.0,11/10/2021 12:00:00 AM,Agree,Agree,11773.0,133356.0,1941.0,178.0,145129,2119
64,5,2021-11-09,DE,64,16.0,5,0.0,11/11/2021 12:00:00 AM,Agree,Agree,11789.0,133404.0,1946.0,178.0,145193,2124
265,1,2021-11-10,DE,265,15.0,1,0.0,11/12/2021 12:00:00 AM,Agree,Agree,11804.0,133654.0,1947.0,178.0,145458,2125
330,0,2021-11-11,DE,330,40.0,0,0.0,11/13/2021 12:00:00 AM,Agree,Agree,11844.0,133944.0,1947.0,178.0,145788,2125
407,0,2021-11-12,DE,407,54.0,0,0.0,11/14/2021 12:00:00 AM,Agree,Agree,11898.0,134297.0,1947.0,178.0,146195,2125
370,0,2021-11-14,DE,370,18.0,0,0.0,11/16/2021 12:00:00 AM,Agree,Agree,11981.0,134875.0,1961.0,180.0,146856,2141
270,0,2021-11-15,DE,270,18.0,0,0.0,11/17/2021 12:00:00 AM,Agree,Agree,11999.0,135127.0,1961.0,180.0,147126,2141
148,2,2021-11-16,DE,148,24.0,2,0.0,11/18/2021 12:00:00 AM,Agree,Agree,12023.0,135251.0,1963.0,180.0,147274,2143
365,0,2021-11-17,DE,365,21.0,0,0.0,11/19/2021 12:00:00 AM,Agree,Agree,12044.0,135595.0,1963.0,180.0,147639,2143
450,0,2021-11-19,DE,450,28.0,0,0.0,11/21/2021 12:00:00 AM,Agree,Agree,12102.0,136394.0,1973.0,181.0,148496,2154
468,5,2021-11-20,DE,468,39.0,5,0.0,11/22/2021 12:00:00 AM,Agree,Agree,12141.0,136823.0,1978.0,181.0,148964,2159
352,0,2021-11-21,DE,352,21.0,0,0.0,11/23/2021 12:00:00 AM,Agree,Agree,12162.0,137154.0,1978.0,181.0,149316,2159
290,0,2021-11-22,DE,290,18.0,0,0.0,11/24/2021 12:00:00 AM,Agree,Agree,12180.0,137426.0,1978.0,181.0,149606,2159
251,3,2021-11-23,DE,251,13.0,3,0.0,11/25/2021 12:00:00 AM,Agree,Agree,12193.0,137664.0,1981.0,181.0,149857,2162
289,2,2021-11-24,DE,289,37.0,2,0.0,11/26/2021 12:00:00 AM,Agree,Agree,12230.0,137916.0,1983.0,181.0,150146,2164
517,0,2021-11-26,DE,517,63.0,0,0.0,11/28/2021 12:00:00 AM,Agree,Agree,12326.0,138835.0,1990.0,183.0,151161,2173
245,0,2021-11-27,DE,245,24.0,0,0.0,11/29/2021 12:00:00 AM,Agree,Agree,12350.0,139056.0,1990.0,183.0,151406,2173
285,0,2021-11-28,DE,285,12.0,0,0.0,11/30/2021 12:00:00 AM,Agree,Agree,12362.0,139329.0,1990.0,183.0,151691,2173
263,0,2021-11-29,DE,263,32.0,0,0.0,12/01/2021 12:00:00 AM,Agree,Agree,12394.0,139560.0,1990.0,183.0,151954,2173
279,5,2021-11-30,DE,279,64.0,5,0.0,12/02/2021 12:00:00 AM,Agree,Agree,12458.0,139775.0,1995.0,183.0,152233,2178
573,1,2021-12-01,DE,573,42.0,1,0.0,12/03/2021 12:00:00 AM,Agree,Agree,12500.0,140306.0,1996.0,183.0,152806,2179
633,3,2021-12-02,DE,633,46.0,3,0.0,12/04/2021 12:00:00 AM,Agree,Agree,12546.0,140893.0,1999.0,183.0,153439,2182
532,0,2021-12-05,DE,532,63.0,0,0.0,12/07/2021 12:00:00 AM,Agree,Agree,12791.0,142675.0,2010.0,184.0,155466,2194
439,0,2021-12-06,DE,439,56.0,0,0.0,12/08/2021 12:00:00 AM,Agree,Agree,12847.0,143058.0,2010.0,184.0,155905,2194
793,4,2021-12-09,DE,793,59.0,4,0.0,12/11/2021 12:00:00 AM,Agree,Agree,13008.0,144549.0,2024.0,186.0,157557,2210
792,1,2021-12-10,DE,792,43.0,1,0.0,12/12/2021 12:00:00 AM,Agree,Agree,13051.0,145298.0,2025.0,186.0,158349,2211
641,0,2021-12-12,DE,641,68.0,0,0.0,12/14/2021 12:00:00 AM,Agree,Agree,13208.0,146514.0,2030.0,188.0,159722,2218
580,0,2021-12-13,DE,580,55.0,0,0.0,12/15/2021 12:00:00 AM,Agree,Agree,13263.0,147039.0,2030.0,188.0,160302,2218
296,7,2021-12-14,DE,296,33.0,7,0.0,12/16/2021 12:00:00 AM,Agree,Agree,13296.0,147302.0,2037.0,188.0,160598,2225
686,5,2021-12-15,DE,686,48.0,5,0.0,12/17/2021 12:00:00 AM,Agree,Agree,13344.0,147940.0,2042.0,188.0,161284,2230
713,0,2021-12-19,DE,713,60.0,0,0.0,12/21/2021 12:00:00 AM,Agree,Agree,13629.0,150953.0,2053.0,189.0,164582,2242
683,0,2021-12-20,DE,683,61.0,0,0.0,12/22/2021 12:00:00 AM,Agree,Agree,13690.0,151575.0,2053.0,189.0,165265,2242
541,7,2021-12-21,DE,541,35.0,7,0.0,12/23/2021 12:00:00 AM,Agree,Agree,13725.0,152081.0,2060.0,189.0,165806,2249
665,0,2021-12-22,DE,665,38.0,0,0.0,12/24/2021 12:00:00 AM,Agree,Agree,13763.0,152708.0,2060.0,189.0,166471,2249
451,0,2021-12-27,DE,451,37.0,0,0.0,12/29/2021 12:00:00 AM,Agree,Agree,14353.0,157901.0,2080.0,191.0,172254,2271
621,5,2021-12-28,DE,621,48.0,5,0.0,12/30/2021 12:00:00 AM,Agree,Agree,14401.0,158474.0,2085.0,191.0,172875,2276
696,0,2022-01-30,DE,696,77.0,0,0.0,02/01/2022 12:00:00 AM,Agree,Agree,22015.0,226867.0,2320.0,211.0,248882,2531
496,0,2022-01-31,DE,496,64.0,0,0.0,02/02/2022 12:00:00 AM,Agree,Agree,22079.0,227299.0,2320.0,211.0,249378,2531
478,8,2022-02-02,DE,478,30.0,8,0.0,02/04/2022 12:00:00 AM,Agree,Agree,22127.0,228086.0,2341.0,211.0,250213,2552
781,3,2022-02-03,DE,781,60.0,3,0.0,02/05/2022 12:00:00 AM,Agree,Agree,22187.0,228807.0,2344.0,211.0,250994,2555
569,8,2022-02-04,DE,569,80.0,8,0.0,02/06/2022 12:00:00 AM,Agree,Agree,22267.0,229296.0,2352.0,211.0,251563,2563
285,0,2022-02-07,DE,285,34.0,0,0.0,02/09/2022 12:00:00 AM,Agree,Agree,22419.0,230308.0,2362.0,214.0,252727,2576
394,5,2022-02-09,DE,394,18.0,5,0.0,02/11/2022 12:00:00 AM,Agree,Agree,22457.0,230870.0,2384.0,214.0,253327,2598
501,3,2022-02-10,DE,501,84.0,3,0.0,02/12/2022 12:00:00 AM,Agree,Agree,22541.0,231287.0,2387.0,214.0,253828,2601
409,0,2022-02-11,DE,409,40.0,0,0.0,02/13/2022 12:00:00 AM,Agree,Agree,22581.0,231656.0,2387.0,214.0,254237,2601
230,0,2022-02-13,DE,230,30.0,0,0.0,02/15/2022 12:00:00 AM,Agree,Agree,22644.0,232091.0,2419.0,224.0,254735,2643
221,0,2022-02-14,DE,221,24.0,0,0.0,02/16/2022 12:00:00 AM,Agree,Agree,22668.0,232288.0,2419.0,224.0,254956,2643
132,2,2022-02-15,DE,132,16.0,2,0.0,02/17/2022 12:00:00 AM,Agree,Agree,22684.0,232404.0,2421.0,224.0,255088,2645
176,9,2022-02-16,DE,176,9.0,9,0.0,02/18/2022 12:00:00 AM,Agree,Agree,22693.0,232571.0,2430.0,224.0,255264,2654
267,5,2022-02-18,DE,267,22.0,5,0.0,02/20/2022 12:00:00 AM,Agree,Agree,22755.0,233119.0,2435.0,225.0,255874,2660
135,0,2022-02-20,DE,135,20.0,0,0.0,02/22/2022 12:00:00 AM,Agree,Agree,22789.0,233439.0,2459.0,236.0,256228,2695
122,0,2022-02-21,DE,122,5.0,0,0.0,02/23/2022 12:00:00 AM,Agree,Agree,22794.0,233556.0,2459.0,236.0,256350,2695
75,7,2022-02-22,DE,75,5.0,7,0.0,02/24/2022 12:00:00 AM,Agree,Agree,22799.0,233626.0,2466.0,236.0,256425,2702
97,1,2022-02-23,DE,97,2.0,1,0.0,02/25/2022 12:00:00 AM,Agree,Agree,22801.0,233721.0,2467.0,236.0,256522,2703
136,3,2022-02-25,DE,136,29.0,3,0.0,02/27/2022 12:00:00 AM,Agree,Agree,22837.0,233940.0,2471.0,235.0,256777,2706
107,0,2022-02-27,DE,107,11.0,0,0.0,03/01/2022 12:00:00 AM,Agree,Agree,22867.0,234146.0,2473.0,236.0,257013,2709
73,0,2022-02-28,DE,73,16.0,0,0.0,03/02/2022 12:00:00 AM,Agree,Agree,22883.0,234203.0,2473.0,236.0,257086,2709
40,2,2022-03-01,DE,40,3.0,2,0.0,03/03/2022 12:00:00 AM,Agree,Agree,22886.0,234240.0,2475.0,236.0,257126,2711
93,0,2022-03-02,DE,93,3.0,0,0.0,03/04/2022 12:00:00 AM,Agree,Agree,22889.0,234330.0,2475.0,236.0,257219,2711
132,0,2022-03-03,DE,132,29.0,0,0.0,03/05/2022 12:00:00 AM,Agree,Agree,22918.0,234433.0,2475.0,236.0,257351,2711
149,2,2022-03-04,DE,149,21.0,2,0.0,03/06/2022 12:00:00 AM,Agree,Agree,22939.0,234561.0,2477.0,236.0,257500,2713
86,0,2022-03-06,DE,86,9.0,0,0.0,03/08/2022 12:00:00 AM,Agree,Agree,22961.0,234737.0,2505.0,246.0,257698,2751
60,0,2022-03-07,DE,60,9.0,0,0.0,03/09/2022 12:00:00 AM,Agree,Agree,22970.0,234788.0,2505.0,246.0,257758,2751
37,1,2022-03-08,DE,37,2.0,1,0.0,03/10/2022 12:00:00 AM,Agree,Agree,22972.0,234823.0,2506.0,246.0,257795,2752
75,0,2022-03-09,DE,75,6.0,0,0.0,03/11/2022 12:00:00 AM,Agree,Agree,22978.0,234892.0,2506.0,246.0,257870,2752
98,1,2022-03-10,DE,98,19.0,1,0.0,03/12/2022 12:00:00 AM,Agree,Agree,22997.0,234971.0,2507.0,246.0,257968,2753
91,0,2022-03-11,DE,91,30.0,0,0.0,03/13/2022 12:00:00 AM,Agree,Agree,23027.0,235032.0,2507.0,246.0,258059,2753
74,0,2022-03-13,DE,74,13.0,0,0.0,03/15/2022 12:00:00 AM,Agree,Agree,23051.0,235165.0,2545.0,262.0,258216,2807
40,0,2022-03-14,DE,40,2.0,0,0.0,03/16/2022 12:00:00 AM,Agree,Agree,23053.0,235203.0,2545.0,262.0,258256,2807
46,4,2022-03-15,DE,46,9.0,4,0.0,03/17/2022 12:00:00 AM,Agree,Agree,23062.0,235240.0,2549.0,262.0,258302,2811
40,1,2022-03-16,DE,40,5.0,1,0.0,03/18/2022 12:00:00 AM,Agree,Agree,23067.0,235275.0,2550.0,262.0,258342,2812
81,0,2022-03-17,DE,81,12.0,0,0.0,03/19/2022 12:00:00 AM,Agree,Agree,23079.0,235344.0,2550.0,262.0,258423,2812
90,0,2022-03-18,DE,90,23.0,0,0.0,03/20/2022 12:00:00 AM,Agree,Agree,23102.0,235411.0,2550.0,262.0,258513,2812
76,0,2022-03-20,DE,76,17.0,0,0.0,03/22/2022 12:00:00 AM,Agree,Agree,23127.0,235544.0,2562.0,271.0,258671,2833
38,0,2022-03-21,DE,38,3.0,0,0.0,03/23/2022 12:00:00 AM,Agree,Agree,23130.0,235579.0,2562.0,271.0,258709,2833
28,2,2022-03-22,DE,28,0.0,2,0.0,03/23/2022 03:04:18 PM,Agree,Agree,23130.0,235607.0,2564.0,271.0,258737,2835
66,0,2022-03-23,DE,66,3.0,0,0.0,03/24/2022 01:32:04 PM,Agree,Agree,23133.0,235670.0,2564.0,271.0,258803,2835
87,0,2022-03-27,DE,87,16.0,0,0.0,03/28/2022 02:00:06 PM,Agree,Agree,23365.0,236009.0,2574.0,272.0,259374,2846
31,0,2022-03-28,DE,31,4.0,0,0.0,03/29/2022 01:30:11 PM,Agree,Agree,23369.0,236036.0,2574.0,272.0,259405,2846
48,0,2022-03-29,DE,48,-5.0,0,0.0,03/30/2022 02:13:09 PM,Agree,Agree,23364.0,236089.0,2574.0,272.0,259453,2846
86,0,2022-03-30,DE,86,9.0,0,0.0,03/31/2022 02:49:40 PM,Agree,Agree,23373.0,236166.0,2574.0,272.0,259539,2846
108,0,2022-03-31,DE,108,15.0,0,0.0,04/01/2022 01:54:34 PM,Agree,Agree,23388.0,236259.0,2574.0,272.0,259647,2846
99,0,2022-04-01,DE,99,14.0,0,0.0,04/02/2022 01:21:28 PM,Agree,Agree,23402.0,236344.0,2574.0,272.0,259746,2846
79,0,2022-04-03,DE,79,11.0,0,0.0,04/04/2022 02:11:32 PM,Agree,Agree,23426.0,236501.0,2589.0,281.0,259927,2870
50,0,2022-04-04,DE,50,7.0,0,0.0,04/05/2022 01:16:42 PM,Agree,Agree,23433.0,236544.0,2589.0,281.0,259977,2870
47,1,2022-04-05,DE,47,2.0,1,0.0,04/06/2022 01:55:45 PM,Agree,Agree,23435.0,236589.0,2590.0,281.0,260024,2871
95,0,2022-04-06,DE,95,4.0,0,0.0,04/07/2022 02:35:23 PM,Agree,Agree,23439.0,236680.0,2590.0,281.0,260119,2871
172,0,2022-04-07,DE,172,22.0,0,0.0,04/08/2022 01:45:38 PM,Agree,Agree,23461.0,236830.0,2590.0,281.0,260291,2871
141,0,2022-04-10,DE,141,19.0,0,0.0,04/11/2022 02:08:38 PM,Agree,Agree,23157.0,236102.0,2602.0,282.0,259259,2884
87,0,2022-04-11,DE,87,12.0,0,0.0,04/12/2022 01:55:12 PM,Agree,Agree,23169.0,236177.0,2602.0,282.0,259346,2884
73,0,2022-04-12,DE,73,5.0,0,0.0,04/13/2022 01:31:40 PM,Agree,Agree,23174.0,236245.0,2602.0,282.0,259419,2884
151,0,2022-04-13,DE,151,8.0,0,0.0,04/14/2022 03:28:01 PM,Agree,Agree,23182.0,236388.0,2602.0,282.0,259570,2884
226,0,2022-04-14,DE,226,24.0,0,0.0,04/15/2022 01:23:20 PM,Agree,Agree,23206.0,236590.0,2602.0,282.0,259796,2884
245,10,2022-04-15,DE,245,34.0,10,0.0,04/16/2022 01:28:29 PM,Agree,Agree,23240.0,236801.0,2612.0,282.0,260041,2894
0,0,2022-04-16,DE,0,0.0,0,0.0,04/18/2022 01:38:16 PM,Agree,Agree,23240.0,236801.0,2612.0,282.0,260041,2894
0,0,2022-04-17,DE,0,0.0,0,0.0,04/18/2022 02:50:08 PM,Agree,Agree,23240.0,236801.0,2612.0,282.0,260041,2894
435,0,2022-04-18,DE,435,58.0,0,0.0,04/19/2022 01:21:35 PM,Agree,Agree,23298.0,237178.0,2612.0,282.0,260476,2894
169,0,2022-04-20,DE,169,-15.0,0,0.0,04/21/2022 01:21:03 PM,Agree,Agree,23298.0,237437.0,2612.0,284.0,260735,2896
183,0,2022-04-21,DE,183,30.0,0,0.0,04/22/2022 02:15:21 PM,Agree,Agree,23328.0,237590.0,2612.0,284.0,260918,2896
200,0,2022-04-22,DE,200,8.0,0,0.0,04/23/2022 01:21:45 PM,Agree,Agree,23336.0,237782.0,2612.0,284.0,261118,2896
0,0,2022-04-24,DE,0,0.0,0,0.0,04/25/2022 01:33:47 PM,Agree,Agree,23354.0,238045.0,2618.0,287.0,261399,2905
261,0,2022-04-25,DE,261,29.0,0,0.0,04/26/2022 01:17:03 PM,Agree,Agree,23383.0,238277.0,2618.0,287.0,261660,2905
102,1,2022-04-26,DE,102,4.0,1,0.0,04/27/2022 01:16:30 PM,Agree,Agree,23387.0,238375.0,2619.0,287.0,261762,2906
196,0,2022-04-27,DE,196,1.0,0,0.0,04/28/2022 01:30:29 PM,Agree,Agree,23388.0,238570.0,2619.0,287.0,261958,2906
253,0,2022-04-28,DE,253,15.0,0,0.0,04/29/2022 02:05:11 PM,Agree,Agree,23403.0,238808.0,2619.0,287.0,262211,2906
250,1,2022-04-29,DE,250,39.0,1,0.0,04/30/2022 01:19:13 PM,Agree,Agree,23442.0,239019.0,2620.0,287.0,262461,2907
0,0,2022-04-30,DE,0,0.0,0,0.0,05/02/2022 12:49:10 PM,Agree,Agree,23442.0,239019.0,2620.0,287.0,262461,2907
0,0,2022-05-01,DE,0,0.0,0,0.0,05/02/2022 01:46:11 PM,Agree,Agree,23442.0,239019.0,2620.0,287.0,262461,2907
105,0,2022-05-03,DE,105,3.0,0,0.0,05/04/2022 01:36:27 PM,Agree,Agree,23525.0,239744.0,2626.0,293.0,263269,2919
210,0,2022-05-04,DE,210,9.0,0,0.0,05/05/2022 01:33:26 PM,Agree,Agree,23534.0,239945.0,2626.0,293.0,263479,2919
0,0,2022-05-07,DE,0,0.0,0,0.0,05/09/2022 01:14:40 PM,Agree,Agree,23627.0,240749.0,2634.0,294.0,264376,2928
0,0,2022-05-08,DE,0,0.0,0,0.0,05/09/2022 02:22:50 PM,Agree,Agree,23627.0,240749.0,2634.0,294.0,264376,2928
235,0,2022-05-10,DE,235,16.0,0,0.0,05/11/2022 01:51:16 PM,Agree,Agree,23809.0,241898.0,2634.0,294.0,265707,2928
0,0,2022-05-11,DE,0,0.0,0,0.0,05/12/2022 01:16:14 PM,Agree,Agree,23809.0,241898.0,2634.0,294.0,265707,2928
592,3,2022-05-13,DE,592,80.0,3,0.0,05/14/2022 01:28:26 PM,Agree,Agree,23995.0,243270.0,2637.0,294.0,267265,2931
